[02Aug2026 00:38:11.722] [main/INFO] [cpw.mods.modlauncher.Launcher/MODLAUNCHER]: ModLauncher running: args [--launchTarget, forgeserver, --fml.forgeVersion, 47.4.21, --fml.mcVersion, 1.20.1, --fml.forgeGroup, net.minecraftforge, --fml.mcpVersion, 20230612.114412, nogui]
[02Aug2026 00:38:11.725] [main/INFO] [cpw.mods.modlauncher.Launcher/MODLAUNCHER]: ModLauncher 10.0.9+10.0.9+main.dcd20f30 starting: java version 17.0.19 by Ubuntu; OS Linux arch amd64 version 6.8.0-1052-azure
[02Aug2026 00:38:11.747] [main/DEBUG] [cpw.mods.modlauncher.LaunchServiceHandler/MODLAUNCHER]: Found launch services [fmlclientdev,forgeclient,minecraft,forgegametestserverdev,fmlserveruserdev,fmlclient,fmldatauserdev,forgeserverdev,forgeserveruserdev,forgeclientdev,forgeclientuserdev,forgeserver,forgedatadev,fmlserver,fmlclientuserdev,fmlserverdev,forgedatauserdev,testharness,forgegametestserveruserdev]
[02Aug2026 00:38:11.758] [main/DEBUG] [cpw.mods.modlauncher.NameMappingServiceHandler/MODLAUNCHER]: Found naming services : [srgtomcp]
[02Aug2026 00:38:11.773] [main/DEBUG] [cpw.mods.modlauncher.LaunchPluginHandler/MODLAUNCHER]: Found launch plugins: [mixin,eventbus,slf4jfixer,object_holder_definalize,runtime_enum_extender,capability_token_subclass,accesstransformer,runtimedistcleaner]
[02Aug2026 00:38:11.784] [main/DEBUG] [cpw.mods.modlauncher.TransformationServicesHandler/MODLAUNCHER]: Discovering transformation services
[02Aug2026 00:38:11.791] [main/DEBUG] [net.minecraftforge.fml.loading.FMLPaths/CORE]: Path GAMEDIR is /workspaces/meow/servidor_minecraft
[02Aug2026 00:38:11.791] [main/DEBUG] [net.minecraftforge.fml.loading.FMLPaths/CORE]: Path MODSDIR is /workspaces/meow/servidor_minecraft/mods
[02Aug2026 00:38:11.791] [main/DEBUG] [net.minecraftforge.fml.loading.FMLPaths/CORE]: Path CONFIGDIR is /workspaces/meow/servidor_minecraft/config
[02Aug2026 00:38:11.791] [main/DEBUG] [net.minecraftforge.fml.loading.FMLPaths/CORE]: Path FMLCONFIG is /workspaces/meow/servidor_minecraft/config/fml.toml
[02Aug2026 00:38:12.259] [main/DEBUG] [cpw.mods.modlauncher.TransformationServicesHandler/MODLAUNCHER]: Found additional transformation services from discovery services: 
[02Aug2026 00:38:12.265] [main/INFO] [net.minecraftforge.fml.loading.ImmediateWindowHandler/]: ImmediateWindowProvider not loading because launch target is forgeserver
[02Aug2026 00:38:12.274] [main/DEBUG] [cpw.mods.modlauncher.TransformationServicesHandler/MODLAUNCHER]: Found transformer services : [mixin,fml]
[02Aug2026 00:38:12.275] [main/DEBUG] [cpw.mods.modlauncher.TransformationServicesHandler/MODLAUNCHER]: Transformation services loading
[02Aug2026 00:38:12.275] [main/DEBUG] [cpw.mods.modlauncher.TransformationServiceDecorator/MODLAUNCHER]: Loading service mixin
[02Aug2026 00:38:12.275] [main/DEBUG] [cpw.mods.modlauncher.TransformationServiceDecorator/MODLAUNCHER]: Loaded service mixin
[02Aug2026 00:38:12.276] [main/DEBUG] [cpw.mods.modlauncher.TransformationServiceDecorator/MODLAUNCHER]: Loading service fml
[02Aug2026 00:38:12.276] [main/DEBUG] [net.minecraftforge.fml.loading.LauncherVersion/CORE]: Found FMLLauncher version 1.0
[02Aug2026 00:38:12.277] [main/DEBUG] [net.minecraftforge.fml.loading.FMLLoader/CORE]: FML 1.0 loading
[02Aug2026 00:38:12.277] [main/DEBUG] [net.minecraftforge.fml.loading.FMLLoader/CORE]: FML found ModLauncher version : 10.0.9+10.0.9+main.dcd20f30
[02Aug2026 00:38:12.277] [main/DEBUG] [net.minecraftforge.fml.loading.FMLLoader/CORE]: Requesting CoreMods to not apply the fix for ASMAPI.findFirstInstructionBefore by default
[02Aug2026 00:38:12.277] [main/DEBUG] [net.minecraftforge.fml.loading.FMLLoader/CORE]: FML found AccessTransformer version : 8.0.4+66+master.c09db6d7
[02Aug2026 00:38:12.278] [main/DEBUG] [net.minecraftforge.fml.loading.FMLLoader/CORE]: FML found EventBus version : 6.2.33
[02Aug2026 00:38:12.278] [main/DEBUG] [net.minecraftforge.fml.loading.FMLLoader/CORE]: Found Runtime Dist Cleaner
[02Aug2026 00:38:12.279] [main/DEBUG] [net.minecraftforge.coremod.CoreModEngine/]: CoreMods will preserve legacy behavior of ASMAPI.findFirstInstructionBefore for backwards-compatibility
[02Aug2026 00:38:12.280] [main/DEBUG] [net.minecraftforge.fml.loading.FMLLoader/CORE]: FML found CoreMod version : 5.2.4
[02Aug2026 00:38:12.280] [main/DEBUG] [net.minecraftforge.fml.loading.FMLLoader/CORE]: Found ForgeSPI package implementation version 7.0.1+7.0.1+master.d2b38bf6
[02Aug2026 00:38:12.280] [main/DEBUG] [net.minecraftforge.fml.loading.FMLLoader/CORE]: Found ForgeSPI package specification 5
[02Aug2026 00:38:12.280] [main/DEBUG] [cpw.mods.modlauncher.TransformationServiceDecorator/MODLAUNCHER]: Loaded service fml
[02Aug2026 00:38:12.281] [main/DEBUG] [cpw.mods.modlauncher.TransformationServicesHandler/MODLAUNCHER]: Configuring option handling for services
[02Aug2026 00:38:12.288] [main/DEBUG] [cpw.mods.modlauncher.TransformationServicesHandler/MODLAUNCHER]: Transformation services initializing
[02Aug2026 00:38:12.288] [main/DEBUG] [cpw.mods.modlauncher.TransformationServiceDecorator/MODLAUNCHER]: Initializing transformation service mixin
[02Aug2026 00:38:12.302] [main/DEBUG] [mixin/]: MixinService [ModLauncher] was successfully booted in cpw.mods.cl.ModuleClassLoader@77ec78b9
[02Aug2026 00:38:12.324] [main/INFO] [mixin/]: SpongePowered MIXIN Subsystem Version=0.8.5 Source=union:/workspaces/meow/servidor_minecraft/libraries/org/spongepowered/mixin/0.8.5/mixin-0.8.5.jar%2365!/ Service=ModLauncher Env=SERVER
[02Aug2026 00:38:12.328] [main/DEBUG] [mixin/]: Initialising Mixin Platform Manager
[02Aug2026 00:38:12.328] [main/DEBUG] [mixin/]: Adding mixin platform agents for container ModLauncher Root Container(ModLauncher:4f56a0a2)
[02Aug2026 00:38:12.328] [main/DEBUG] [mixin/]: Instancing new MixinPlatformAgentMinecraftForge for ModLauncher Root Container(ModLauncher:4f56a0a2)
[02Aug2026 00:38:12.329] [main/DEBUG] [mixin/]: MixinPlatformAgentMinecraftForge rejected container ModLauncher Root Container(ModLauncher:4f56a0a2)
[02Aug2026 00:38:12.329] [main/DEBUG] [mixin/]: Instancing new MixinPlatformAgentDefault for ModLauncher Root Container(ModLauncher:4f56a0a2)
[02Aug2026 00:38:12.329] [main/DEBUG] [mixin/]: MixinPlatformAgentDefault accepted container ModLauncher Root Container(ModLauncher:4f56a0a2)
[02Aug2026 00:38:12.332] [main/DEBUG] [cpw.mods.modlauncher.TransformationServiceDecorator/MODLAUNCHER]: Initialized transformation service mixin
[02Aug2026 00:38:12.332] [main/DEBUG] [cpw.mods.modlauncher.TransformationServiceDecorator/MODLAUNCHER]: Initializing transformation service fml
[02Aug2026 00:38:12.333] [main/DEBUG] [net.minecraftforge.fml.loading.FMLServiceProvider/CORE]: Setting up basic FML game directories
[02Aug2026 00:38:12.333] [main/DEBUG] [net.minecraftforge.fml.loading.FMLPaths/CORE]: Path GAMEDIR is /workspaces/meow/servidor_minecraft
[02Aug2026 00:38:12.333] [main/DEBUG] [net.minecraftforge.fml.loading.FMLPaths/CORE]: Path MODSDIR is /workspaces/meow/servidor_minecraft/mods
[02Aug2026 00:38:12.333] [main/DEBUG] [net.minecraftforge.fml.loading.FMLPaths/CORE]: Path CONFIGDIR is /workspaces/meow/servidor_minecraft/config
[02Aug2026 00:38:12.333] [main/DEBUG] [net.minecraftforge.fml.loading.FMLPaths/CORE]: Path FMLCONFIG is /workspaces/meow/servidor_minecraft/config/fml.toml
[02Aug2026 00:38:12.333] [main/DEBUG] [net.minecraftforge.fml.loading.FMLServiceProvider/CORE]: Loading configuration
[02Aug2026 00:38:12.336] [main/DEBUG] [net.minecraftforge.fml.loading.FMLServiceProvider/CORE]: Preparing ModFile
[02Aug2026 00:38:12.338] [main/DEBUG] [net.minecraftforge.fml.loading.FMLServiceProvider/CORE]: Preparing launch handler
[02Aug2026 00:38:12.339] [main/DEBUG] [net.minecraftforge.fml.loading.FMLLoader/CORE]: Using forgeserver as launch service
[02Aug2026 00:38:12.353] [main/DEBUG] [net.minecraftforge.fml.loading.FMLLoader/CORE]: Received command line version data  : VersionInfo[forgeVersion=47.4.21, mcVersion=1.20.1, mcpVersion=20230612.114412, forgeGroup=net.minecraftforge]
[02Aug2026 00:38:12.355] [main/DEBUG] [cpw.mods.modlauncher.TransformationServiceDecorator/MODLAUNCHER]: Initialized transformation service fml
[02Aug2026 00:38:12.355] [main/DEBUG] [cpw.mods.modlauncher.NameMappingServiceHandler/MODLAUNCHER]: Current naming domain is 'srg'
[02Aug2026 00:38:12.356] [main/DEBUG] [cpw.mods.modlauncher.NameMappingServiceHandler/MODLAUNCHER]: Identified name mapping providers {}
[02Aug2026 00:38:12.356] [main/DEBUG] [cpw.mods.modlauncher.TransformationServicesHandler/MODLAUNCHER]: Transformation services begin scanning
[02Aug2026 00:38:12.356] [main/DEBUG] [cpw.mods.modlauncher.TransformationServiceDecorator/MODLAUNCHER]: Beginning scan trigger - transformation service mixin
[02Aug2026 00:38:12.356] [main/DEBUG] [cpw.mods.modlauncher.TransformationServiceDecorator/MODLAUNCHER]: End scan trigger - transformation service mixin
[02Aug2026 00:38:12.357] [main/DEBUG] [cpw.mods.modlauncher.TransformationServiceDecorator/MODLAUNCHER]: Beginning scan trigger - transformation service fml
[02Aug2026 00:38:12.357] [main/DEBUG] [net.minecraftforge.fml.loading.FMLServiceProvider/CORE]: Initiating mod scan
[02Aug2026 00:38:12.363] [main/DEBUG] [net.minecraftforge.fml.loading.moddiscovery.ModListHandler/CORE]: Found mod coordinates from lists: []
[02Aug2026 00:38:12.366] [main/DEBUG] [net.minecraftforge.fml.loading.moddiscovery.ModDiscoverer/CORE]: Found Mod Locators : (mods folder:null),(maven libs:null),(exploded directory:null),(minecraft:null),(userdev classpath:null)
[02Aug2026 00:38:12.367] [main/DEBUG] [net.minecraftforge.fml.loading.moddiscovery.ModDiscoverer/CORE]: Found Dependency Locators : (JarInJar:null)
[02Aug2026 00:38:12.374] [main/DEBUG] [net.minecraftforge.fml.loading.moddiscovery.ModFileParser/LOADING]: Considering mod file candidate /workspaces/meow/servidor_minecraft/mods/alexsmobs-1.22.9.jar
[02Aug2026 00:38:12.415] [main/DEBUG] [net.minecraftforge.fml.loading.moddiscovery.ModFileInfo/LOADING]: Found valid mod file alexsmobs-1.22.9.jar with {alexsmobs} mods - versions {1.22.9}
[02Aug2026 00:38:12.416] [main/DEBUG] [net.minecraftforge.fml.loading.moddiscovery.ModFileParser/LOADING]: Considering mod file candidate /workspaces/meow/servidor_minecraft/mods/Aquaculture-1.20.1-2.5.7.jar
[02Aug2026 00:38:12.417] [main/DEBUG] [net.minecraftforge.fml.loading.moddiscovery.ModFileInfo/LOADING]: Found valid mod file Aquaculture-1.20.1-2.5.7.jar with {aquaculture} mods - versions {2.5.7}
[02Aug2026 00:38:12.418] [main/DEBUG] [net.minecraftforge.fml.loading.moddiscovery.ModFileParser/LOADING]: Considering mod file candidate /workspaces/meow/servidor_minecraft/mods/BadOptimizations-2.4.1-1.20.1.jar
[02Aug2026 00:38:12.419] [main/DEBUG] [net.minecraftforge.fml.loading.moddiscovery.ModFileInfo/LOADING]: Found valid mod file BadOptimizations-2.4.1-1.20.1.jar with {badoptimizations} mods - versions {2.4.1}
[02Aug2026 00:38:12.420] [main/DEBUG] [net.minecraftforge.fml.loading.moddiscovery.ModFileParser/LOADING]: Considering mod file candidate /workspaces/meow/servidor_minecraft/mods/balm-forge-1.20.1-7.3.41-all.jar
[02Aug2026 00:38:12.421] [main/DEBUG] [net.minecraftforge.fml.loading.moddiscovery.ModFileInfo/LOADING]: Found valid mod file balm-forge-1.20.1-7.3.41-all.jar with {balm} mods - versions {7.3.41}
[02Aug2026 00:38:12.421] [main/DEBUG] [net.minecraftforge.fml.loading.moddiscovery.ModFileParser/LOADING]: Considering mod file candidate /workspaces/meow/servidor_minecraft/mods/BHMenu-Forge-1.20.1-2.4.4.jar
[02Aug2026 00:38:12.422] [main/DEBUG] [net.minecraftforge.fml.loading.moddiscovery.ModFileInfo/LOADING]: Found valid mod file BHMenu-Forge-1.20.1-2.4.4.jar with {bhmenu} mods - versions {2.4.4}
[02Aug2026 00:38:12.423] [main/DEBUG] [net.minecraftforge.fml.loading.moddiscovery.ModFileParser/LOADING]: Considering mod file candidate /workspaces/meow/servidor_minecraft/mods/chunksfadein-forge-3.0.25-1.20.jar
[02Aug2026 00:38:12.424] [main/DEBUG] [net.minecraftforge.fml.loading.moddiscovery.ModFileInfo/LOADING]: Found valid mod file chunksfadein-forge-3.0.25-1.20.jar with {chunksfadein} mods - versions {3.0.25-1.20}
[02Aug2026 00:38:12.426] [main/DEBUG] [net.minecraftforge.fml.loading.moddiscovery.ModFileParser/LOADING]: Considering mod file candidate /workspaces/meow/servidor_minecraft/mods/citadel-2.6.3-1.20.1.jar
[02Aug2026 00:38:12.426] [main/DEBUG] [net.minecraftforge.fml.loading.moddiscovery.ModFileInfo/LOADING]: Found valid mod file citadel-2.6.3-1.20.1.jar with {citadel} mods - versions {2.6.3}
[02Aug2026 00:38:12.427] [main/DEBUG] [net.minecraftforge.fml.loading.moddiscovery.ModFileParser/LOADING]: Considering mod file candidate /workspaces/meow/servidor_minecraft/mods/collective-1.20.1-8.39.jar
[02Aug2026 00:38:12.428] [main/DEBUG] [net.minecraftforge.fml.loading.moddiscovery.ModFileInfo/LOADING]: Found valid mod file collective-1.20.1-8.39.jar with {collective} mods - versions {8.39}
[02Aug2026 00:38:12.430] [main/DEBUG] [net.minecraftforge.fml.loading.moddiscovery.ModFileParser/LOADING]: Considering mod file candidate /workspaces/meow/servidor_minecraft/mods/cosmeticarmorreworked-1.20.1-v1a.jar
[02Aug2026 00:38:12.431] [main/DEBUG] [net.minecraftforge.fml.loading.moddiscovery.ModFileInfo/LOADING]: Found valid mod file cosmeticarmorreworked-1.20.1-v1a.jar with {cosmeticarmorreworked} mods - versions {1.20.1-v1a}
[02Aug2026 00:38:12.431] [main/DEBUG] [net.minecraftforge.fml.loading.moddiscovery.ModFileParser/LOADING]: Considering mod file candidate /workspaces/meow/servidor_minecraft/mods/cullleaves-forge-4.1.1+1.20.1.jar
[02Aug2026 00:38:12.432] [main/DEBUG] [net.minecraftforge.fml.loading.moddiscovery.ModFileInfo/LOADING]: Found valid mod file cullleaves-forge-4.1.1+1.20.1.jar with {cullleaves} mods - versions {4.1.1}
[02Aug2026 00:38:12.433] [main/DEBUG] [net.minecraftforge.fml.loading.moddiscovery.ModFileParser/LOADING]: Considering mod file candidate /workspaces/meow/servidor_minecraft/mods/doubledoors-1.20.1-7.2.jar
[02Aug2026 00:38:12.433] [main/DEBUG] [net.minecraftforge.fml.loading.moddiscovery.ModFileInfo/LOADING]: Found valid mod file doubledoors-1.20.1-7.2.jar with {doubledoors} mods - versions {7.2}
[02Aug2026 00:38:12.434] [main/DEBUG] [net.minecraftforge.fml.loading.moddiscovery.ModFileParser/LOADING]: Considering mod file candidate /workspaces/meow/servidor_minecraft/mods/dynamiclights-1.20.1.2.jar
[02Aug2026 00:38:12.436] [main/DEBUG] [net.minecraftforge.fml.loading.moddiscovery.ModFileInfo/LOADING]: Found valid mod file dynamiclights-1.20.1.2.jar with {dynamiclights} mods - versions {1.20.1.2}
[02Aug2026 00:38:12.437] [main/DEBUG] [net.minecraftforge.fml.loading.moddiscovery.ModFileParser/LOADING]: Considering mod file candidate /workspaces/meow/servidor_minecraft/mods/embeddium-0.3.31+mc1.20.1.jar
[02Aug2026 00:38:12.438] [main/DEBUG] [net.minecraftforge.fml.loading.moddiscovery.ModFileInfo/LOADING]: Found valid mod file embeddium-0.3.31+mc1.20.1.jar with {embeddium,rubidium} mods - versions {0.3.31+mc1.20.1,0.7.1}
[02Aug2026 00:38:12.439] [main/DEBUG] [net.minecraftforge.fml.loading.moddiscovery.ModFileParser/LOADING]: Considering mod file candidate /workspaces/meow/servidor_minecraft/mods/emi-1.1.24+1.20.1+forge.jar
[02Aug2026 00:38:12.440] [main/DEBUG] [net.minecraftforge.fml.loading.moddiscovery.ModFileInfo/LOADING]: Found valid mod file emi-1.1.24+1.20.1+forge.jar with {emi} mods - versions {1.1.24+1.20.1+forge}
[02Aug2026 00:38:12.440] [main/DEBUG] [net.minecraftforge.fml.loading.moddiscovery.ModFileParser/LOADING]: Considering mod file candidate /workspaces/meow/servidor_minecraft/mods/entity_model_features-3.2.4-1.20.1-forge.jar
[02Aug2026 00:38:12.441] [main/DEBUG] [net.minecraftforge.fml.loading.moddiscovery.ModFileInfo/LOADING]: Found valid mod file entity_model_features-3.2.4-1.20.1-forge.jar with {entity_model_features} mods - versions {3.2.4}
[02Aug2026 00:38:12.442] [main/DEBUG] [net.minecraftforge.fml.loading.moddiscovery.ModFileParser/LOADING]: Considering mod file candidate /workspaces/meow/servidor_minecraft/mods/entity_texture_features_1.20.1-forge-7.1.jar
[02Aug2026 00:38:12.442] [main/DEBUG] [net.minecraftforge.fml.loading.moddiscovery.ModFileInfo/LOADING]: Found valid mod file entity_texture_features_1.20.1-forge-7.1.jar with {entity_texture_features} mods - versions {7.1}
[02Aug2026 00:38:12.443] [main/DEBUG] [net.minecraftforge.fml.loading.moddiscovery.ModFileParser/LOADING]: Considering mod file candidate /workspaces/meow/servidor_minecraft/mods/entityculling-forge-1.10.5-mc1.20.1.jar
[02Aug2026 00:38:12.444] [main/DEBUG] [net.minecraftforge.fml.loading.moddiscovery.ModFileInfo/LOADING]: Found valid mod file entityculling-forge-1.10.5-mc1.20.1.jar with {entityculling} mods - versions {1.10.5}
[02Aug2026 00:38:12.444] [main/DEBUG] [net.minecraftforge.fml.loading.moddiscovery.ModFileParser/LOADING]: Considering mod file candidate /workspaces/meow/servidor_minecraft/mods/ExplorersCompass-1.20.1-1.4.0-forge.jar
[02Aug2026 00:38:12.445] [main/DEBUG] [net.minecraftforge.fml.loading.moddiscovery.ModFileInfo/LOADING]: Found valid mod file ExplorersCompass-1.20.1-1.4.0-forge.jar with {explorerscompass} mods - versions {1.20.1-1.4.0-forge}
[02Aug2026 00:38:12.445] [main/DEBUG] [net.minecraftforge.fml.loading.moddiscovery.ModFileParser/LOADING]: Considering mod file candidate /workspaces/meow/servidor_minecraft/mods/explosiveenhancement-1.1.0-1.20.1-client-and-server.jar
[02Aug2026 00:38:12.447] [main/DEBUG] [net.minecraftforge.fml.loading.moddiscovery.ModFileInfo/LOADING]: Found valid mod file explosiveenhancement-1.1.0-1.20.1-client-and-server.jar with {explosiveenhancement} mods - versions {1.1.0}
[02Aug2026 00:38:12.448] [main/DEBUG] [net.minecraftforge.fml.loading.moddiscovery.ModFileParser/LOADING]: Considering mod file candidate /workspaces/meow/servidor_minecraft/mods/fancymenu_forge_3.9.8_MC_1.20.1.jar
[02Aug2026 00:38:12.450] [main/DEBUG] [net.minecraftforge.fml.loading.moddiscovery.ModFileInfo/LOADING]: Found valid mod file fancymenu_forge_3.9.8_MC_1.20.1.jar with {fancymenu} mods - versions {3.9.8}
[02Aug2026 00:38:12.450] [main/DEBUG] [net.minecraftforge.fml.loading.moddiscovery.ModFileParser/LOADING]: Considering mod file candidate /workspaces/meow/servidor_minecraft/mods/Fastload-Reforged-mc1.20.1-3.4.0.jar
[02Aug2026 00:38:12.451] [main/DEBUG] [net.minecraftforge.fml.loading.moddiscovery.ModFileInfo/LOADING]: Found valid mod file Fastload-Reforged-mc1.20.1-3.4.0.jar with {fastload} mods - versions {3.4.0}
[02Aug2026 00:38:12.455] [main/DEBUG] [net.minecraftforge.fml.loading.moddiscovery.ModFileParser/LOADING]: Considering mod file candidate /workspaces/meow/servidor_minecraft/mods/ferritecore-6.0.1-forge.jar
[02Aug2026 00:38:12.456] [main/DEBUG] [net.minecraftforge.fml.loading.moddiscovery.ModFileInfo/LOADING]: Found valid mod file ferritecore-6.0.1-forge.jar with {ferritecore} mods - versions {6.0.1}
[02Aug2026 00:38:12.457] [main/DEBUG] [net.minecraftforge.fml.loading.moddiscovery.ModFileParser/LOADING]: Considering mod file candidate /workspaces/meow/servidor_minecraft/mods/fzzy_config-0.7.6+1.20.1+forge.jar
[02Aug2026 00:38:12.458] [main/DEBUG] [net.minecraftforge.fml.loading.moddiscovery.ModFileInfo/LOADING]: Found valid mod file fzzy_config-0.7.6+1.20.1+forge.jar with {fzzy_config} mods - versions {0.7.6+1.20.1+forge}
[02Aug2026 00:38:12.459] [main/DEBUG] [net.minecraftforge.fml.loading.moddiscovery.ModFileParser/LOADING]: Considering mod file candidate /workspaces/meow/servidor_minecraft/mods/geckolib-forge-1.20.1-4.8.4.jar
[02Aug2026 00:38:12.459] [main/DEBUG] [net.minecraftforge.fml.loading.moddiscovery.ModFileInfo/LOADING]: Found valid mod file geckolib-forge-1.20.1-4.8.4.jar with {geckolib} mods - versions {4.8.4}
[02Aug2026 00:38:12.460] [main/DEBUG] [net.minecraftforge.fml.loading.moddiscovery.ModFileParser/LOADING]: Considering mod file candidate /workspaces/meow/servidor_minecraft/mods/gravestone-forge-1.20.1-1.0.35.jar
[02Aug2026 00:38:12.460] [main/DEBUG] [net.minecraftforge.fml.loading.moddiscovery.ModFileInfo/LOADING]: Found valid mod file gravestone-forge-1.20.1-1.0.35.jar with {gravestone} mods - versions {1.20.1-1.0.35}
[02Aug2026 00:38:12.461] [main/DEBUG] [net.minecraftforge.fml.loading.moddiscovery.ModFileParser/LOADING]: Considering mod file candidate /workspaces/meow/servidor_minecraft/mods/ImmediatelyFast-Forge-1.5.5+1.20.4.jar
[02Aug2026 00:38:12.462] [main/DEBUG] [net.minecraftforge.fml.loading.moddiscovery.ModFileInfo/LOADING]: Found valid mod file ImmediatelyFast-Forge-1.5.5+1.20.4.jar with {immediatelyfast} mods - versions {1.5.5+1.20.4}
[02Aug2026 00:38:12.462] [main/DEBUG] [net.minecraftforge.fml.loading.moddiscovery.ModFileParser/LOADING]: Considering mod file candidate /workspaces/meow/servidor_minecraft/mods/Jade-1.20.1-Forge-11.13.3.jar
[02Aug2026 00:38:12.463] [main/DEBUG] [net.minecraftforge.fml.loading.moddiscovery.ModFileInfo/LOADING]: Found valid mod file Jade-1.20.1-Forge-11.13.3.jar with {jade} mods - versions {11.13.3+forge}
[02Aug2026 00:38:12.465] [main/DEBUG] [net.minecraftforge.fml.loading.moddiscovery.ModFileParser/LOADING]: Considering mod file candidate /workspaces/meow/servidor_minecraft/mods/KimetsunoYaiba-ver3-forge-1.20.1.jar
[02Aug2026 00:38:12.466] [main/DEBUG] [net.minecraftforge.fml.loading.moddiscovery.ModFileInfo/LOADING]: Found valid mod file KimetsunoYaiba-ver3-forge-1.20.1.jar with {kimetsunoyaiba} mods - versions {3}
[02Aug2026 00:38:12.467] [main/DEBUG] [net.minecraftforge.fml.loading.moddiscovery.ModFileParser/LOADING]: Considering mod file candidate /workspaces/meow/servidor_minecraft/mods/konkrete_forge_1.8.0_MC_1.20-1.20.1.jar
[02Aug2026 00:38:12.468] [main/DEBUG] [net.minecraftforge.fml.loading.moddiscovery.ModFileInfo/LOADING]: Found valid mod file konkrete_forge_1.8.0_MC_1.20-1.20.1.jar with {konkrete} mods - versions {1.8.0}
[02Aug2026 00:38:12.512] [main/DEBUG] [net.minecraftforge.fml.loading.moddiscovery.ModFileParser/LOADING]: Considering mod file candidate /workspaces/meow/servidor_minecraft/mods/lithostitched-forge-1.20.1-1.4.11.jar
[02Aug2026 00:38:12.513] [main/DEBUG] [net.minecraftforge.fml.loading.moddiscovery.ModFileInfo/LOADING]: Found valid mod file lithostitched-forge-1.20.1-1.4.11.jar with {lithostitched} mods - versions {1.4.11}
[02Aug2026 00:38:12.514] [main/DEBUG] [net.minecraftforge.fml.loading.moddiscovery.ModFileParser/LOADING]: Considering mod file candidate /workspaces/meow/servidor_minecraft/mods/Mantle-1.20.1-1.11.104.jar
[02Aug2026 00:38:12.514] [main/DEBUG] [net.minecraftforge.fml.loading.moddiscovery.ModFileInfo/LOADING]: Found valid mod file Mantle-1.20.1-1.11.104.jar with {mantle} mods - versions {1.11.104}
[02Aug2026 00:38:12.515] [main/DEBUG] [net.minecraftforge.fml.loading.moddiscovery.ModFileParser/LOADING]: Considering mod file candidate /workspaces/meow/servidor_minecraft/mods/melody_forge_1.0.3_MC_1.20.1-1.20.4.jar
[02Aug2026 00:38:12.516] [main/DEBUG] [net.minecraftforge.fml.loading.moddiscovery.ModFileInfo/LOADING]: Found valid mod file melody_forge_1.0.3_MC_1.20.1-1.20.4.jar with {melody} mods - versions {1.0.2}
[02Aug2026 00:38:12.517] [main/DEBUG] [net.minecraftforge.fml.loading.moddiscovery.ModFileParser/LOADING]: Considering mod file candidate /workspaces/meow/servidor_minecraft/mods/modernfix-forge-5.27.66+mc1.20.1.jar
[02Aug2026 00:38:12.518] [main/DEBUG] [net.minecraftforge.fml.loading.moddiscovery.ModFileInfo/LOADING]: Found valid mod file modernfix-forge-5.27.66+mc1.20.1.jar with {modernfix} mods - versions {5.27.66+mc1.20.1}
[02Aug2026 00:38:12.518] [main/DEBUG] [net.minecraftforge.fml.loading.moddiscovery.ModFileParser/LOADING]: Considering mod file candidate /workspaces/meow/servidor_minecraft/mods/MyServerIsCompatible-1.20-1.0.jar
[02Aug2026 00:38:12.519] [main/DEBUG] [net.minecraftforge.fml.loading.moddiscovery.ModFileInfo/LOADING]: Found valid mod file MyServerIsCompatible-1.20-1.0.jar with {myserveriscompatible} mods - versions {1.0}
[02Aug2026 00:38:12.520] [main/DEBUG] [net.minecraftforge.fml.loading.moddiscovery.ModFileParser/LOADING]: Considering mod file candidate /workspaces/meow/servidor_minecraft/mods/NoChatRestrictions-Forge-MC1.20.1-v1.0.0.jar
[02Aug2026 00:38:12.520] [main/DEBUG] [net.minecraftforge.fml.loading.moddiscovery.ModFileInfo/LOADING]: Found valid mod file NoChatRestrictions-Forge-MC1.20.1-v1.0.0.jar with {nochatrestrictions} mods - versions {1.20.1-v1.0.0}
[02Aug2026 00:38:12.522] [main/DEBUG] [net.minecraftforge.fml.loading.moddiscovery.ModFileParser/LOADING]: Considering mod file candidate /workspaces/meow/servidor_minecraft/mods/oculus-mc1.20.1-1.8.0.jar
[02Aug2026 00:38:12.522] [main/DEBUG] [net.minecraftforge.fml.loading.moddiscovery.ModFileInfo/LOADING]: Found valid mod file oculus-mc1.20.1-1.8.0.jar with {oculus} mods - versions {1.8.0}
[02Aug2026 00:38:12.523] [main/DEBUG] [net.minecraftforge.fml.loading.moddiscovery.ModFileParser/LOADING]: Considering mod file candidate /workspaces/meow/servidor_minecraft/mods/pamhc2trees-1.20-1.0.2.jar
[02Aug2026 00:38:12.524] [main/DEBUG] [net.minecraftforge.fml.loading.moddiscovery.ModFileInfo/LOADING]: Found valid mod file pamhc2trees-1.20-1.0.2.jar with {pamhc2trees} mods - versions {1.0.2}
[02Aug2026 00:38:12.525] [main/DEBUG] [net.minecraftforge.fml.loading.moddiscovery.ModFileParser/LOADING]: Considering mod file candidate /workspaces/meow/servidor_minecraft/mods/Paxi-1.20-Forge-4.0.jar
[02Aug2026 00:38:12.525] [main/DEBUG] [net.minecraftforge.fml.loading.moddiscovery.ModFileInfo/LOADING]: Found valid mod file Paxi-1.20-Forge-4.0.jar with {paxi} mods - versions {1.20-Forge-4.0}
[02Aug2026 00:38:12.526] [main/DEBUG] [net.minecraftforge.fml.loading.moddiscovery.ModFileParser/LOADING]: Considering mod file candidate /workspaces/meow/servidor_minecraft/mods/player-animation-lib-forge-1.0.2-rc1+1.20.jar
[02Aug2026 00:38:12.526] [main/DEBUG] [net.minecraftforge.fml.loading.moddiscovery.ModFileInfo/LOADING]: Found valid mod file player-animation-lib-forge-1.0.2-rc1+1.20.jar with {playeranimator} mods - versions {1.0.2-rc1+1.20}
[02Aug2026 00:38:12.527] [main/DEBUG] [net.minecraftforge.fml.loading.moddiscovery.ModFileParser/LOADING]: Considering mod file candidate /workspaces/meow/servidor_minecraft/mods/rubidium-extra-0.5.4.4+mc1.20.1-build.131.jar
[02Aug2026 00:38:12.527] [main/DEBUG] [net.minecraftforge.fml.loading.moddiscovery.ModFileInfo/LOADING]: Found valid mod file rubidium-extra-0.5.4.4+mc1.20.1-build.131.jar with {embeddium_extra} mods - versions {0.5.4.4+mc1.20.1-build.131}
[02Aug2026 00:38:12.528] [main/DEBUG] [net.minecraftforge.fml.loading.moddiscovery.ModFileParser/LOADING]: Considering mod file candidate /workspaces/meow/servidor_minecraft/mods/servercore-forge-1.5.2+1.20.1.jar
[02Aug2026 00:38:12.529] [main/DEBUG] [net.minecraftforge.fml.loading.moddiscovery.ModFileInfo/LOADING]: Found valid mod file servercore-forge-1.5.2+1.20.1.jar with {servercore} mods - versions {1.5.2+1.20.1}
[02Aug2026 00:38:12.529] [main/DEBUG] [net.minecraftforge.fml.loading.moddiscovery.ModFileParser/LOADING]: Considering mod file candidate /workspaces/meow/servidor_minecraft/mods/ShoulderSurfing-Forge-1.20.1-5.0.7.jar
[02Aug2026 00:38:12.530] [main/DEBUG] [net.minecraftforge.fml.loading.moddiscovery.ModFileInfo/LOADING]: Found valid mod file ShoulderSurfing-Forge-1.20.1-5.0.7.jar with {shouldersurfing} mods - versions {1.20.1-5.0.7}
[02Aug2026 00:38:12.530] [main/DEBUG] [net.minecraftforge.fml.loading.moddiscovery.ModFileParser/LOADING]: Considering mod file candidate /workspaces/meow/servidor_minecraft/mods/starlight-1.1.2+forge.1cda73c.jar
[02Aug2026 00:38:12.531] [main/DEBUG] [net.minecraftforge.fml.loading.moddiscovery.ModFileInfo/LOADING]: Found valid mod file starlight-1.1.2+forge.1cda73c.jar with {starlight} mods - versions {1.1.2+forge.1cda73c}
[02Aug2026 00:38:12.532] [main/DEBUG] [net.minecraftforge.fml.loading.moddiscovery.ModFileParser/LOADING]: Considering mod file candidate /workspaces/meow/servidor_minecraft/mods/SubtleEffects-forge-1.20.1-1.14.3.jar
[02Aug2026 00:38:12.533] [main/DEBUG] [net.minecraftforge.fml.loading.moddiscovery.ModFileInfo/LOADING]: Found valid mod file SubtleEffects-forge-1.20.1-1.14.3.jar with {subtle_effects} mods - versions {1.14.3}
[02Aug2026 00:38:12.553] [main/DEBUG] [net.minecraftforge.fml.loading.moddiscovery.ModFileParser/LOADING]: Considering mod file candidate /workspaces/meow/servidor_minecraft/mods/TConstruct-1.20.1-3.11.2.166.jar
[02Aug2026 00:38:12.554] [main/DEBUG] [net.minecraftforge.fml.loading.moddiscovery.ModFileInfo/LOADING]: Found valid mod file TConstruct-1.20.1-3.11.2.166.jar with {tconstruct} mods - versions {3.11.2.166}
[02Aug2026 00:38:12.555] [main/DEBUG] [net.minecraftforge.fml.loading.moddiscovery.ModFileParser/LOADING]: Considering mod file candidate /workspaces/meow/servidor_minecraft/mods/travelersbackpack-forge-1.20.1-9.1.56.jar
[02Aug2026 00:38:12.556] [main/DEBUG] [net.minecraftforge.fml.loading.moddiscovery.ModFileInfo/LOADING]: Found valid mod file travelersbackpack-forge-1.20.1-9.1.56.jar with {travelersbackpack} mods - versions {9.1.56}
[02Aug2026 00:38:12.556] [main/DEBUG] [net.minecraftforge.fml.loading.moddiscovery.ModFileParser/LOADING]: Considering mod file candidate /workspaces/meow/servidor_minecraft/mods/waveycapes-forge-1.10.2-mc1.20.1.jar
[02Aug2026 00:38:12.557] [main/DEBUG] [net.minecraftforge.fml.loading.moddiscovery.ModFileInfo/LOADING]: Found valid mod file waveycapes-forge-1.10.2-mc1.20.1.jar with {waveycapes} mods - versions {1.10.2}
[02Aug2026 00:38:12.558] [main/DEBUG] [net.minecraftforge.fml.loading.moddiscovery.ModFileParser/LOADING]: Considering mod file candidate /workspaces/meow/servidor_minecraft/mods/waystones-forge-1.20.1-14.1.20.jar
[02Aug2026 00:38:12.558] [main/DEBUG] [net.minecraftforge.fml.loading.moddiscovery.ModFileInfo/LOADING]: Found valid mod file waystones-forge-1.20.1-14.1.20.jar with {waystones} mods - versions {14.1.20}
[02Aug2026 00:38:12.559] [main/DEBUG] [net.minecraftforge.fml.loading.moddiscovery.ModFileParser/LOADING]: Considering mod file candidate /workspaces/meow/servidor_minecraft/mods/weaponmaster_ydm-forge-1.20.1-4.2.3.jar
[02Aug2026 00:38:12.560] [main/DEBUG] [net.minecraftforge.fml.loading.moddiscovery.ModFileInfo/LOADING]: Found valid mod file weaponmaster_ydm-forge-1.20.1-4.2.3.jar with {weaponmaster_ydm} mods - versions {4.2.3}
[02Aug2026 00:38:12.560] [main/DEBUG] [net.minecraftforge.fml.loading.moddiscovery.ModFileParser/LOADING]: Considering mod file candidate /workspaces/meow/servidor_minecraft/mods/YeetusExperimentus-Forge-2.3.1-build.6+mc1.20.1.jar
[02Aug2026 00:38:12.561] [main/DEBUG] [net.minecraftforge.fml.loading.moddiscovery.ModFileInfo/LOADING]: Found valid mod file YeetusExperimentus-Forge-2.3.1-build.6+mc1.20.1.jar with {yeetusexperimentus} mods - versions {2.3.1-build.6+mc1.20.1}
[02Aug2026 00:38:12.561] [main/DEBUG] [net.minecraftforge.fml.loading.moddiscovery.ModFileParser/LOADING]: Considering mod file candidate /workspaces/meow/servidor_minecraft/mods/YungsApi-1.20-Forge-4.0.6.jar
[02Aug2026 00:38:12.562] [main/DEBUG] [net.minecraftforge.fml.loading.moddiscovery.ModFileInfo/LOADING]: Found valid mod file YungsApi-1.20-Forge-4.0.6.jar with {yungsapi} mods - versions {1.20-Forge-4.0.6}
[02Aug2026 00:38:12.564] [main/WARN] [net.minecraftforge.fml.loading.moddiscovery.ModDiscoverer/SCAN]: Locator {mods folder locator at /workspaces/meow/servidor_minecraft/mods} returned 2 files which are client-side-only mods, but we're on a dedicated server. They will be skipped!
[02Aug2026 00:38:12.751] [main/DEBUG] [net.minecraftforge.fml.loading.moddiscovery.ModFileInfo/LOADING]: Found valid mod file server-1.20.1-20230612.114412-srg.jar with {minecraft} mods - versions {1.20.1}
[02Aug2026 00:38:12.753] [main/DEBUG] [net.minecraftforge.fml.loading.moddiscovery.ModFileParser/LOADING]: Considering mod file candidate /workspaces/meow/servidor_minecraft/libraries/net/minecraftforge/fmlcore/1.20.1-47.4.21/fmlcore-1.20.1-47.4.21.jar
[02Aug2026 00:38:12.754] [main/WARN] [net.minecraftforge.fml.loading.moddiscovery.ModFileParser/LOADING]: Mod file /workspaces/meow/servidor_minecraft/libraries/net/minecraftforge/fmlcore/1.20.1-47.4.21/fmlcore-1.20.1-47.4.21.jar is missing mods.toml file
[02Aug2026 00:38:12.756] [main/DEBUG] [net.minecraftforge.fml.loading.moddiscovery.ModFileParser/LOADING]: Considering mod file candidate /workspaces/meow/servidor_minecraft/libraries/net/minecraftforge/javafmllanguage/1.20.1-47.4.21/javafmllanguage-1.20.1-47.4.21.jar
[02Aug2026 00:38:12.757] [main/WARN] [net.minecraftforge.fml.loading.moddiscovery.ModFileParser/LOADING]: Mod file /workspaces/meow/servidor_minecraft/libraries/net/minecraftforge/javafmllanguage/1.20.1-47.4.21/javafmllanguage-1.20.1-47.4.21.jar is missing mods.toml file
[02Aug2026 00:38:12.759] [main/DEBUG] [net.minecraftforge.fml.loading.moddiscovery.ModFileParser/LOADING]: Considering mod file candidate /workspaces/meow/servidor_minecraft/libraries/net/minecraftforge/lowcodelanguage/1.20.1-47.4.21/lowcodelanguage-1.20.1-47.4.21.jar
[02Aug2026 00:38:12.759] [main/WARN] [net.minecraftforge.fml.loading.moddiscovery.ModFileParser/LOADING]: Mod file /workspaces/meow/servidor_minecraft/libraries/net/minecraftforge/lowcodelanguage/1.20.1-47.4.21/lowcodelanguage-1.20.1-47.4.21.jar is missing mods.toml file
[02Aug2026 00:38:12.760] [main/DEBUG] [net.minecraftforge.fml.loading.moddiscovery.ModFileParser/LOADING]: Considering mod file candidate /workspaces/meow/servidor_minecraft/libraries/net/minecraftforge/mclanguage/1.20.1-47.4.21/mclanguage-1.20.1-47.4.21.jar
[02Aug2026 00:38:12.760] [main/WARN] [net.minecraftforge.fml.loading.moddiscovery.ModFileParser/LOADING]: Mod file /workspaces/meow/servidor_minecraft/libraries/net/minecraftforge/mclanguage/1.20.1-47.4.21/mclanguage-1.20.1-47.4.21.jar is missing mods.toml file
[02Aug2026 00:38:12.837] [main/DEBUG] [net.minecraftforge.fml.loading.moddiscovery.ModFileParser/LOADING]: Considering mod file candidate /workspaces/meow/servidor_minecraft/libraries/net/minecraftforge/forge/1.20.1-47.4.21/forge-1.20.1-47.4.21-universal.jar
[02Aug2026 00:38:12.878] [main/DEBUG] [net.minecraftforge.fml.loading.moddiscovery.ModFileInfo/LOADING]: Found valid mod file forge-1.20.1-47.4.21-universal.jar with {forge} mods - versions {47.4.21}
[02Aug2026 00:38:12.891] [main/DEBUG] [net.minecraftforge.fml.loading.moddiscovery.AbstractJarFileDependencyLocator/]: Failed to load resource META-INF/jarjar/metadata.json from weaponmaster_ydm-forge-1.20.1-4.2.3.jar, it does not contain dependency information.
[02Aug2026 00:38:12.891] [main/DEBUG] [net.minecraftforge.fml.loading.moddiscovery.AbstractJarFileDependencyLocator/]: Failed to load resource META-INF/jarjar/metadata.json from BHMenu-Forge-1.20.1-2.4.4.jar, it does not contain dependency information.
[02Aug2026 00:38:12.891] [main/DEBUG] [net.minecraftforge.fml.loading.moddiscovery.AbstractJarFileDependencyLocator/]: Failed to load resource META-INF/jarjar/metadata.json from doubledoors-1.20.1-7.2.jar, it does not contain dependency information.
[02Aug2026 00:38:12.891] [main/DEBUG] [net.minecraftforge.fml.loading.moddiscovery.AbstractJarFileDependencyLocator/]: Failed to load resource META-INF/jarjar/metadata.json from Fastload-Reforged-mc1.20.1-3.4.0.jar, it does not contain dependency information.
[02Aug2026 00:38:12.891] [main/DEBUG] [net.minecraftforge.fml.loading.moddiscovery.AbstractJarFileDependencyLocator/]: Failed to load resource META-INF/jarjar/metadata.json from alexsmobs-1.22.9.jar, it does not contain dependency information.
[02Aug2026 00:38:12.892] [main/DEBUG] [net.minecraftforge.fml.loading.moddiscovery.AbstractJarFileDependencyLocator/]: Failed to load resource META-INF/jarjar/metadata.json from pamhc2trees-1.20-1.0.2.jar, it does not contain dependency information.
[02Aug2026 00:38:12.892] [main/DEBUG] [net.minecraftforge.fml.loading.moddiscovery.AbstractJarFileDependencyLocator/]: Failed to load resource META-INF/jarjar/metadata.json from player-animation-lib-forge-1.0.2-rc1+1.20.jar, it does not contain dependency information.
[02Aug2026 00:38:12.892] [main/DEBUG] [net.minecraftforge.fml.loading.moddiscovery.AbstractJarFileDependencyLocator/]: Failed to load resource META-INF/jarjar/metadata.json from lithostitched-forge-1.20.1-1.4.11.jar, it does not contain dependency information.
[02Aug2026 00:38:12.892] [main/DEBUG] [net.minecraftforge.fml.loading.moddiscovery.AbstractJarFileDependencyLocator/]: Failed to load resource META-INF/jarjar/metadata.json from dynamiclights-1.20.1.2.jar, it does not contain dependency information.
[02Aug2026 00:38:12.892] [main/DEBUG] [net.minecraftforge.fml.loading.moddiscovery.AbstractJarFileDependencyLocator/]: Failed to load resource META-INF/jarjar/metadata.json from Paxi-1.20-Forge-4.0.jar, it does not contain dependency information.
[02Aug2026 00:38:12.893] [main/DEBUG] [net.minecraftforge.fml.loading.moddiscovery.AbstractJarFileDependencyLocator/]: Failed to load resource META-INF/jarjar/metadata.json from NoChatRestrictions-Forge-MC1.20.1-v1.0.0.jar, it does not contain dependency information.
[02Aug2026 00:38:12.893] [main/DEBUG] [net.minecraftforge.fml.loading.moddiscovery.AbstractJarFileDependencyLocator/]: Failed to load resource META-INF/jarjar/metadata.json from waystones-forge-1.20.1-14.1.20.jar, it does not contain dependency information.
[02Aug2026 00:38:12.893] [main/DEBUG] [net.minecraftforge.fml.loading.moddiscovery.AbstractJarFileDependencyLocator/]: Failed to load resource META-INF/jarjar/metadata.json from citadel-2.6.3-1.20.1.jar, it does not contain dependency information.
[02Aug2026 00:38:12.893] [main/DEBUG] [net.minecraftforge.fml.loading.moddiscovery.AbstractJarFileDependencyLocator/]: Failed to load resource META-INF/jarjar/metadata.json from travelersbackpack-forge-1.20.1-9.1.56.jar, it does not contain dependency information.
[02Aug2026 00:38:12.893] [main/DEBUG] [net.minecraftforge.fml.loading.moddiscovery.AbstractJarFileDependencyLocator/]: Failed to load resource META-INF/jarjar/metadata.json from YungsApi-1.20-Forge-4.0.6.jar, it does not contain dependency information.
[02Aug2026 00:38:12.894] [main/DEBUG] [net.minecraftforge.fml.loading.moddiscovery.AbstractJarFileDependencyLocator/]: Failed to load resource META-INF/jarjar/metadata.json from MyServerIsCompatible-1.20-1.0.jar, it does not contain dependency information.
[02Aug2026 00:38:12.894] [main/DEBUG] [net.minecraftforge.fml.loading.moddiscovery.AbstractJarFileDependencyLocator/]: Failed to load resource META-INF/jarjar/metadata.json from starlight-1.1.2+forge.1cda73c.jar, it does not contain dependency information.
[02Aug2026 00:38:12.894] [main/DEBUG] [net.minecraftforge.fml.loading.moddiscovery.AbstractJarFileDependencyLocator/]: Failed to load resource META-INF/jarjar/metadata.json from ExplorersCompass-1.20.1-1.4.0-forge.jar, it does not contain dependency information.
[02Aug2026 00:38:12.894] [main/DEBUG] [net.minecraftforge.fml.loading.moddiscovery.AbstractJarFileDependencyLocator/]: Failed to load resource META-INF/jarjar/metadata.json from forge-1.20.1-47.4.21-universal.jar, it does not contain dependency information.
[02Aug2026 00:38:12.894] [main/DEBUG] [net.minecraftforge.fml.loading.moddiscovery.AbstractJarFileDependencyLocator/]: Failed to load resource META-INF/jarjar/metadata.json from konkrete_forge_1.8.0_MC_1.20-1.20.1.jar, it does not contain dependency information.
[02Aug2026 00:38:12.895] [main/DEBUG] [net.minecraftforge.fml.loading.moddiscovery.AbstractJarFileDependencyLocator/]: Failed to load resource META-INF/jarjar/metadata.json from server-1.20.1-20230612.114412-srg.jar, it does not contain dependency information.
[02Aug2026 00:38:12.895] [main/DEBUG] [net.minecraftforge.fml.loading.moddiscovery.AbstractJarFileDependencyLocator/]: Failed to load resource META-INF/jarjar/metadata.json from TConstruct-1.20.1-3.11.2.166.jar, it does not contain dependency information.
[02Aug2026 00:38:12.895] [main/DEBUG] [net.minecraftforge.fml.loading.moddiscovery.AbstractJarFileDependencyLocator/]: Failed to load resource META-INF/jarjar/metadata.json from emi-1.1.24+1.20.1+forge.jar, it does not contain dependency information.
[02Aug2026 00:38:12.895] [main/DEBUG] [net.minecraftforge.fml.loading.moddiscovery.AbstractJarFileDependencyLocator/]: Failed to load resource META-INF/jarjar/metadata.json from Jade-1.20.1-Forge-11.13.3.jar, it does not contain dependency information.
[02Aug2026 00:38:12.895] [main/DEBUG] [net.minecraftforge.fml.loading.moddiscovery.AbstractJarFileDependencyLocator/]: Failed to load resource META-INF/jarjar/metadata.json from ShoulderSurfing-Forge-1.20.1-5.0.7.jar, it does not contain dependency information.
[02Aug2026 00:38:12.895] [main/DEBUG] [net.minecraftforge.fml.loading.moddiscovery.AbstractJarFileDependencyLocator/]: Failed to load resource META-INF/jarjar/metadata.json from Mantle-1.20.1-1.11.104.jar, it does not contain dependency information.
[02Aug2026 00:38:12.896] [main/DEBUG] [net.minecraftforge.fml.loading.moddiscovery.AbstractJarFileDependencyLocator/]: Failed to load resource META-INF/jarjar/metadata.json from gravestone-forge-1.20.1-1.0.35.jar, it does not contain dependency information.
[02Aug2026 00:38:12.896] [main/DEBUG] [net.minecraftforge.fml.loading.moddiscovery.AbstractJarFileDependencyLocator/]: Failed to load resource META-INF/jarjar/metadata.json from collective-1.20.1-8.39.jar, it does not contain dependency information.
[02Aug2026 00:38:12.896] [main/DEBUG] [net.minecraftforge.fml.loading.moddiscovery.AbstractJarFileDependencyLocator/]: Failed to load resource META-INF/jarjar/metadata.json from ferritecore-6.0.1-forge.jar, it does not contain dependency information.
[02Aug2026 00:38:12.896] [main/DEBUG] [net.minecraftforge.fml.loading.moddiscovery.AbstractJarFileDependencyLocator/]: Failed to load resource META-INF/jarjar/metadata.json from Aquaculture-1.20.1-2.5.7.jar, it does not contain dependency information.
[02Aug2026 00:38:12.897] [main/DEBUG] [net.minecraftforge.fml.loading.moddiscovery.AbstractJarFileDependencyLocator/]: Failed to load resource META-INF/jarjar/metadata.json from KimetsunoYaiba-ver3-forge-1.20.1.jar, it does not contain dependency information.
[02Aug2026 00:38:12.897] [main/DEBUG] [net.minecraftforge.fml.loading.moddiscovery.AbstractJarFileDependencyLocator/]: Failed to load resource META-INF/jarjar/metadata.json from chunksfadein-forge-3.0.25-1.20.jar, it does not contain dependency information.
[02Aug2026 00:38:12.897] [main/DEBUG] [net.minecraftforge.fml.loading.moddiscovery.AbstractJarFileDependencyLocator/]: Failed to load resource META-INF/jarjar/metadata.json from cosmeticarmorreworked-1.20.1-v1a.jar, it does not contain dependency information.
[02Aug2026 00:38:12.897] [main/DEBUG] [net.minecraftforge.fml.loading.moddiscovery.AbstractJarFileDependencyLocator/]: Failed to load resource META-INF/jarjar/metadata.json from YeetusExperimentus-Forge-2.3.1-build.6+mc1.20.1.jar, it does not contain dependency information.
[02Aug2026 00:38:12.897] [main/DEBUG] [net.minecraftforge.fml.loading.moddiscovery.AbstractJarFileDependencyLocator/]: Failed to load resource META-INF/jarjar/metadata.json from explosiveenhancement-1.1.0-1.20.1-client-and-server.jar, it does not contain dependency information.
[02Aug2026 00:38:12.898] [main/DEBUG] [net.minecraftforge.fml.loading.moddiscovery.AbstractJarFileDependencyLocator/]: Failed to load resource META-INF/jarjar/metadata.json from mclanguage-1.20.1-47.4.21.jar, it does not contain dependency information.
[02Aug2026 00:38:12.898] [main/DEBUG] [net.minecraftforge.fml.loading.moddiscovery.AbstractJarFileDependencyLocator/]: Failed to load resource META-INF/jarjar/metadata.json from javafmllanguage-1.20.1-47.4.21.jar, it does not contain dependency information.
[02Aug2026 00:38:12.898] [main/DEBUG] [net.minecraftforge.fml.loading.moddiscovery.AbstractJarFileDependencyLocator/]: Failed to load resource META-INF/jarjar/metadata.json from fmlcore-1.20.1-47.4.21.jar, it does not contain dependency information.
[02Aug2026 00:38:12.898] [main/DEBUG] [net.minecraftforge.fml.loading.moddiscovery.AbstractJarFileDependencyLocator/]: Failed to load resource META-INF/jarjar/metadata.json from lowcodelanguage-1.20.1-47.4.21.jar, it does not contain dependency information.
[02Aug2026 00:38:13.042] [main/DEBUG] [net.minecraftforge.fml.loading.moddiscovery.ModFileParser/LOADING]: Considering mod file candidate 
[02Aug2026 00:38:13.043] [main/DEBUG] [net.minecraftforge.fml.loading.moddiscovery.ModFileInfo/LOADING]: Found valid mod file forge-mixinextras-forge-0.3.2.jar with {mixinextras} mods - versions {0.3.2}
[02Aug2026 00:38:13.045] [main/DEBUG] [net.minecraftforge.fml.loading.moddiscovery.ModFileParser/LOADING]: Considering mod file candidate 
[02Aug2026 00:38:13.045] [main/DEBUG] [net.minecraftforge.fml.loading.moddiscovery.ModFileInfo/LOADING]: Found valid mod file mixinextras-forge-0.3.1.jar with {mixinextras} mods - versions {0.3.1}
[02Aug2026 00:38:13.065] [main/DEBUG] [net.minecraftforge.fml.loading.moddiscovery.ModFileParser/LOADING]: Considering mod file candidate 
[02Aug2026 00:38:13.066] [main/DEBUG] [net.minecraftforge.fml.loading.moddiscovery.ModFileInfo/LOADING]: Found valid mod file mixinextras-forge-0.4.1.jar with {mixinextras} mods - versions {0.4.1}
[02Aug2026 00:38:13.075] [main/DEBUG] [net.minecraftforge.fml.loading.moddiscovery.ModFileParser/LOADING]: Considering mod file candidate 
[02Aug2026 00:38:13.076] [main/DEBUG] [net.minecraftforge.fml.loading.moddiscovery.ModFileInfo/LOADING]: Found valid mod file kffmod-4.12.0.jar with {kotlinforforge} mods - versions {4.12.0}
[02Aug2026 00:38:13.078] [main/DEBUG] [net.minecraftforge.fml.loading.moddiscovery.ModFileParser/LOADING]: Considering mod file candidate 
[02Aug2026 00:38:13.078] [main/DEBUG] [net.minecraftforge.fml.loading.moddiscovery.ModFileInfo/LOADING]: Found valid mod file mixinextras-forge-0.3.6.jar with {mixinextras} mods - versions {0.3.6}
[02Aug2026 00:38:13.087] [main/DEBUG] [net.minecraftforge.fml.loading.moddiscovery.ModFileParser/LOADING]: Considering mod file candidate 
[02Aug2026 00:38:13.087] [main/DEBUG] [net.minecraftforge.fml.loading.moddiscovery.ModFileInfo/LOADING]: Found valid mod file mixinextras-forge-0.3.5.jar with {mixinextras} mods - versions {0.3.5}
[02Aug2026 00:38:13.098] [main/DEBUG] [net.minecraftforge.fml.loading.moddiscovery.ModFileParser/LOADING]: Considering mod file candidate 
[02Aug2026 00:38:13.099] [main/DEBUG] [net.minecraftforge.fml.loading.moddiscovery.ModFileInfo/LOADING]: Found valid mod file mixinextras-forge-0.4.1.jar with {mixinextras} mods - versions {0.4.1}
[02Aug2026 00:38:13.107] [main/DEBUG] [net.minecraftforge.fml.loading.moddiscovery.ModFileParser/LOADING]: Considering mod file candidate 
[02Aug2026 00:38:13.108] [main/DEBUG] [net.minecraftforge.fml.loading.moddiscovery.ModFileInfo/LOADING]: Found valid mod file mixinextras-forge-0.4.1.jar with {mixinextras} mods - versions {0.4.1}
[02Aug2026 00:38:13.109] [main/DEBUG] [net.minecraftforge.fml.loading.moddiscovery.ModFileParser/LOADING]: Considering mod file candidate 
[02Aug2026 00:38:13.110] [main/DEBUG] [net.minecraftforge.fml.loading.moddiscovery.ModFileInfo/LOADING]: Found valid mod file mixinextras-forge-0.4.1.jar with {mixinextras} mods - versions {0.4.1}
[02Aug2026 00:38:13.111] [main/DEBUG] [net.minecraftforge.fml.loading.moddiscovery.ModFileParser/LOADING]: Considering mod file candidate 
[02Aug2026 00:38:13.112] [main/DEBUG] [net.minecraftforge.fml.loading.moddiscovery.ModFileInfo/LOADING]: Found valid mod file mixinextras-forge-0.4.1.jar with {mixinextras} mods - versions {0.4.1}
[02Aug2026 00:38:13.114] [main/DEBUG] [net.minecraftforge.fml.loading.moddiscovery.ModFileParser/LOADING]: Considering mod file candidate 
[02Aug2026 00:38:13.115] [main/DEBUG] [net.minecraftforge.fml.loading.moddiscovery.ModFileInfo/LOADING]: Found valid mod file kuma-api-forge-20.1.12+1.20.1.jar with {kuma_api} mods - versions {20.1.12}
[02Aug2026 00:38:13.116] [main/DEBUG] [net.minecraftforge.fml.loading.moddiscovery.ModFileParser/LOADING]: Considering mod file candidate 
[02Aug2026 00:38:13.117] [main/DEBUG] [net.minecraftforge.fml.loading.moddiscovery.ModFileInfo/LOADING]: Found valid mod file midnightlib-1.9.2+1.20.1-forge.jar with {midnightlib} mods - versions {1.9.2}
[02Aug2026 00:38:13.118] [main/DEBUG] [net.minecraftforge.fml.loading.moddiscovery.ModFileParser/LOADING]: Considering mod file candidate 
[02Aug2026 00:38:13.119] [main/DEBUG] [net.minecraftforge.fml.loading.moddiscovery.ModFileInfo/LOADING]: Found valid mod file mixinextras-forge-0.3.5.jar with {mixinextras} mods - versions {0.3.5}
[02Aug2026 00:38:13.130] [main/DEBUG] [net.minecraftforge.fml.loading.moddiscovery.AbstractJarFileDependencyLocator/]: Failed to load resource META-INF/jarjar/metadata.json from snakeyaml-2.2.jar, it does not contain dependency information.
[02Aug2026 00:38:13.130] [main/DEBUG] [net.minecraftforge.fml.loading.moddiscovery.AbstractJarFileDependencyLocator/]: Failed to load resource META-INF/jarjar/metadata.json from dazzleconf-core-1.3.0-M2.jar, it does not contain dependency information.
[02Aug2026 00:38:13.130] [main/DEBUG] [net.minecraftforge.fml.loading.moddiscovery.AbstractJarFileDependencyLocator/]: Failed to load resource META-INF/jarjar/metadata.json from dazzleconf-ext-snakeyaml-1.3.0-M2.jar, it does not contain dependency information.
[02Aug2026 00:38:13.136] [main/DEBUG] [net.minecraftforge.fml.loading.moddiscovery.AbstractJarFileDependencyLocator/]: Failed to load resource META-INF/jarjar/metadata.json from mclib-20.jar, it does not contain dependency information.
[02Aug2026 00:38:13.136] [main/DEBUG] [net.minecraftforge.fml.loading.moddiscovery.AbstractJarFileDependencyLocator/]: Failed to load resource META-INF/jarjar/metadata.json from kfflang-4.12.0.jar, it does not contain dependency information.
[02Aug2026 00:38:13.136] [main/DEBUG] [net.minecraftforge.fml.loading.moddiscovery.AbstractJarFileDependencyLocator/]: Failed to load resource META-INF/jarjar/metadata.json from kfflib-4.12.0.jar, it does not contain dependency information.
[02Aug2026 00:38:13.136] [main/DEBUG] [net.minecraftforge.fml.loading.moddiscovery.AbstractJarFileDependencyLocator/]: Failed to load resource META-INF/jarjar/metadata.json from kffmod-4.12.0.jar, it does not contain dependency information.
[02Aug2026 00:38:13.141] [main/DEBUG] [net.minecraftforge.fml.loading.moddiscovery.AbstractJarFileDependencyLocator/]: Failed to load resource META-INF/jarjar/metadata.json from Reflect-1.6.2.jar, it does not contain dependency information.
[02Aug2026 00:38:13.145] [main/DEBUG] [net.minecraftforge.fml.loading.moddiscovery.AbstractJarFileDependencyLocator/]: Failed to load resource META-INF/jarjar/metadata.json from tomlkt-jvm-0.3.7.jar, it does not contain dependency information.
[02Aug2026 00:38:13.145] [main/DEBUG] [net.minecraftforge.fml.loading.moddiscovery.AbstractJarFileDependencyLocator/]: Failed to load resource META-INF/jarjar/metadata.json from jankson-1.2.3.jar, it does not contain dependency information.
[02Aug2026 00:38:13.150] [main/DEBUG] [net.minecraftforge.fml.loading.moddiscovery.AbstractJarFileDependencyLocator/]: Failed to load resource META-INF/jarjar/metadata.json from japng-0.5.3.jar, it does not contain dependency information.
[02Aug2026 00:38:13.150] [main/DEBUG] [net.minecraftforge.fml.loading.moddiscovery.AbstractJarFileDependencyLocator/]: Failed to load resource META-INF/jarjar/metadata.json from animated-gif-lib-for-java-animated-gif-lib-1.7.jar, it does not contain dependency information.
[02Aug2026 00:38:13.150] [main/DEBUG] [net.minecraftforge.fml.loading.moddiscovery.AbstractJarFileDependencyLocator/]: Failed to load resource META-INF/jarjar/metadata.json from jcpp-1.4.14.jar, it does not contain dependency information.
[02Aug2026 00:38:13.163] [main/DEBUG] [net.minecraftforge.fml.loading.moddiscovery.AbstractJarFileDependencyLocator/]: Failed to load resource META-INF/jarjar/metadata.json from NanoLiveConfig-1.2.1.jar, it does not contain dependency information.
[02Aug2026 00:38:13.164] [main/DEBUG] [net.minecraftforge.fml.loading.moddiscovery.AbstractJarFileDependencyLocator/]: Failed to load resource META-INF/jarjar/metadata.json from kuma-api-forge-20.1.12+1.20.1.jar, it does not contain dependency information.
[02Aug2026 00:38:13.164] [main/DEBUG] [net.minecraftforge.fml.loading.moddiscovery.AbstractJarFileDependencyLocator/]: Failed to load resource META-INF/jarjar/metadata.json from midnightlib-1.9.2+1.20.1-forge.jar, it does not contain dependency information.
[02Aug2026 00:38:13.168] [main/DEBUG] [net.minecraftforge.fml.loading.moddiscovery.AbstractJarFileDependencyLocator/]: Failed to load resource META-INF/jarjar/metadata.json from mixinconstraints-1.1.0.jar, it does not contain dependency information.
[02Aug2026 00:38:13.168] [main/DEBUG] [net.minecraftforge.fml.loading.moddiscovery.AbstractJarFileDependencyLocator/]: Failed to load resource META-INF/jarjar/metadata.json from MixinExtras-0.3.2.jar, it does not contain dependency information.
[02Aug2026 00:38:13.169] [main/DEBUG] [net.minecraftforge.fml.loading.moddiscovery.AbstractJarFileDependencyLocator/]: Failed to load resource META-INF/jarjar/metadata.json from MixinExtras-0.3.1.jar, it does not contain dependency information.
[02Aug2026 00:38:13.169] [main/DEBUG] [net.minecraftforge.fml.loading.moddiscovery.AbstractJarFileDependencyLocator/]: Failed to load resource META-INF/jarjar/metadata.json from MixinExtras-0.4.1.jar, it does not contain dependency information.
[02Aug2026 00:38:13.169] [main/DEBUG] [net.minecraftforge.fml.loading.moddiscovery.AbstractJarFileDependencyLocator/]: Failed to load resource META-INF/jarjar/metadata.json from MixinExtras-0.3.6.jar, it does not contain dependency information.
[02Aug2026 00:38:13.169] [main/DEBUG] [net.minecraftforge.fml.loading.moddiscovery.AbstractJarFileDependencyLocator/]: Failed to load resource META-INF/jarjar/metadata.json from MixinExtras-0.3.5.jar, it does not contain dependency information.
[02Aug2026 00:38:13.169] [main/DEBUG] [net.minecraftforge.fml.loading.moddiscovery.AbstractJarFileDependencyLocator/]: Failed to load resource META-INF/jarjar/metadata.json from MixinExtras-0.4.1.jar, it does not contain dependency information.
[02Aug2026 00:38:13.169] [main/DEBUG] [net.minecraftforge.fml.loading.moddiscovery.AbstractJarFileDependencyLocator/]: Failed to load resource META-INF/jarjar/metadata.json from MixinExtras-0.4.1.jar, it does not contain dependency information.
[02Aug2026 00:38:13.169] [main/DEBUG] [net.minecraftforge.fml.loading.moddiscovery.AbstractJarFileDependencyLocator/]: Failed to load resource META-INF/jarjar/metadata.json from MixinExtras-0.4.1.jar, it does not contain dependency information.
[02Aug2026 00:38:13.169] [main/DEBUG] [net.minecraftforge.fml.loading.moddiscovery.AbstractJarFileDependencyLocator/]: Failed to load resource META-INF/jarjar/metadata.json from MixinExtras-0.4.1.jar, it does not contain dependency information.
[02Aug2026 00:38:13.169] [main/DEBUG] [net.minecraftforge.fml.loading.moddiscovery.AbstractJarFileDependencyLocator/]: Failed to load resource META-INF/jarjar/metadata.json from MixinExtras-0.3.5.jar, it does not contain dependency information.
[02Aug2026 00:38:13.205] [main/DEBUG] [net.minecraftforge.fml.loading.moddiscovery.ModFileParser/LOADING]: Considering mod file candidate 
[02Aug2026 00:38:13.206] [main/DEBUG] [net.minecraftforge.fml.loading.moddiscovery.ModFileInfo/LOADING]: Found valid mod file midnightlib-1.9.2+1.20.1-forge.jar with {midnightlib} mods - versions {1.9.2}
[02Aug2026 00:38:13.218] [main/DEBUG] [net.minecraftforge.fml.loading.moddiscovery.ModFileParser/LOADING]: Considering mod file candidate 
[02Aug2026 00:38:13.219] [main/DEBUG] [net.minecraftforge.fml.loading.moddiscovery.ModFileInfo/LOADING]: Found valid mod file kffmod-4.12.0.jar with {kotlinforforge} mods - versions {4.12.0}
[02Aug2026 00:38:13.223] [main/DEBUG] [net.minecraftforge.fml.loading.moddiscovery.ModFileParser/LOADING]: Considering mod file candidate 
[02Aug2026 00:38:13.223] [main/DEBUG] [net.minecraftforge.fml.loading.moddiscovery.ModFileInfo/LOADING]: Found valid mod file kuma-api-forge-20.1.12+1.20.1.jar with {kuma_api} mods - versions {20.1.12}
[02Aug2026 00:38:13.225] [main/DEBUG] [net.minecraftforge.fml.loading.moddiscovery.ModFileParser/LOADING]: Considering mod file candidate 
[02Aug2026 00:38:13.225] [main/DEBUG] [net.minecraftforge.fml.loading.moddiscovery.ModFileInfo/LOADING]: Found valid mod file mixinextras-forge-0.4.1.jar with {mixinextras} mods - versions {0.4.1}
[02Aug2026 00:38:13.241] [main/INFO] [net.minecraftforge.fml.loading.moddiscovery.JarInJarDependencyLocator/]: Found 19 dependencies adding them to mods collection
[02Aug2026 00:38:13.244] [main/DEBUG] [net.minecraftforge.fml.loading.moddiscovery.ModFileParser/LOADING]: Considering mod file candidate /workspaces/meow/servidor_minecraft/mods/weaponmaster_ydm-forge-1.20.1-4.2.3.jar
[02Aug2026 00:38:13.245] [main/DEBUG] [net.minecraftforge.fml.loading.moddiscovery.ModFileInfo/LOADING]: Found valid mod file weaponmaster_ydm-forge-1.20.1-4.2.3.jar with {weaponmaster_ydm} mods - versions {4.2.3}
[02Aug2026 00:38:13.248] [main/DEBUG] [net.minecraftforge.fml.loading.moddiscovery.ModFile/LOADING]: Loading mod file /workspaces/meow/servidor_minecraft/mods/weaponmaster_ydm-forge-1.20.1-4.2.3.jar with languages [LanguageSpec[languageName=javafml, acceptedVersions=[30,)]]
[02Aug2026 00:38:13.249] [main/DEBUG] [net.minecraftforge.fml.loading.moddiscovery.ModFileParser/LOADING]: Considering mod file candidate /workspaces/meow/servidor_minecraft/mods/BHMenu-Forge-1.20.1-2.4.4.jar
[02Aug2026 00:38:13.250] [main/DEBUG] [net.minecraftforge.fml.loading.moddiscovery.ModFileInfo/LOADING]: Found valid mod file BHMenu-Forge-1.20.1-2.4.4.jar with {bhmenu} mods - versions {2.4.4}
[02Aug2026 00:38:13.250] [main/DEBUG] [net.minecraftforge.fml.loading.moddiscovery.ModFile/LOADING]: Loading mod file /workspaces/meow/servidor_minecraft/mods/BHMenu-Forge-1.20.1-2.4.4.jar with languages [LanguageSpec[languageName=javafml, acceptedVersions=[47,)]]
[02Aug2026 00:38:13.250] [main/DEBUG] [net.minecraftforge.fml.loading.moddiscovery.ModFileParser/LOADING]: Considering mod file candidate 
[02Aug2026 00:38:13.251] [main/DEBUG] [net.minecraftforge.fml.loading.moddiscovery.ModFileInfo/LOADING]: Found valid mod file kuma-api-forge-20.1.12+1.20.1.jar with {kuma_api} mods - versions {20.1.12}
[02Aug2026 00:38:13.251] [main/DEBUG] [net.minecraftforge.fml.loading.moddiscovery.ModFile/LOADING]: Loading mod file  with languages [LanguageSpec[languageName=javafml, acceptedVersions=[47,)]]
[02Aug2026 00:38:13.251] [main/DEBUG] [net.minecraftforge.fml.loading.moddiscovery.ModFileParser/LOADING]: Considering mod file candidate /workspaces/meow/servidor_minecraft/mods/doubledoors-1.20.1-7.2.jar
[02Aug2026 00:38:13.252] [main/DEBUG] [net.minecraftforge.fml.loading.moddiscovery.ModFileInfo/LOADING]: Found valid mod file doubledoors-1.20.1-7.2.jar with {doubledoors} mods - versions {7.2}
[02Aug2026 00:38:13.252] [main/DEBUG] [net.minecraftforge.fml.loading.moddiscovery.ModFile/LOADING]: Loading mod file /workspaces/meow/servidor_minecraft/mods/doubledoors-1.20.1-7.2.jar with languages [LanguageSpec[languageName=javafml, acceptedVersions=*]]
[02Aug2026 00:38:13.252] [main/DEBUG] [net.minecraftforge.fml.loading.moddiscovery.ModFileParser/LOADING]: Considering mod file candidate /workspaces/meow/servidor_minecraft/mods/Fastload-Reforged-mc1.20.1-3.4.0.jar
[02Aug2026 00:38:13.252] [main/DEBUG] [net.minecraftforge.fml.loading.moddiscovery.ModFileInfo/LOADING]: Found valid mod file Fastload-Reforged-mc1.20.1-3.4.0.jar with {fastload} mods - versions {3.4.0}
[02Aug2026 00:38:13.252] [main/DEBUG] [net.minecraftforge.fml.loading.moddiscovery.ModFile/LOADING]: Loading mod file /workspaces/meow/servidor_minecraft/mods/Fastload-Reforged-mc1.20.1-3.4.0.jar with languages [LanguageSpec[languageName=javafml, acceptedVersions=[47,)]]
[02Aug2026 00:38:13.253] [main/DEBUG] [net.minecraftforge.fml.loading.moddiscovery.ModFileParser/LOADING]: Considering mod file candidate /workspaces/meow/servidor_minecraft/mods/alexsmobs-1.22.9.jar
[02Aug2026 00:38:13.253] [main/DEBUG] [net.minecraftforge.fml.loading.moddiscovery.ModFileInfo/LOADING]: Found valid mod file alexsmobs-1.22.9.jar with {alexsmobs} mods - versions {1.22.9}
[02Aug2026 00:38:13.253] [main/DEBUG] [net.minecraftforge.fml.loading.moddiscovery.ModFile/LOADING]: Loading mod file /workspaces/meow/servidor_minecraft/mods/alexsmobs-1.22.9.jar with languages [LanguageSpec[languageName=javafml, acceptedVersions=[46,)]]
[02Aug2026 00:38:13.254] [main/DEBUG] [net.minecraftforge.fml.loading.moddiscovery.ModFileParser/LOADING]: Considering mod file candidate /workspaces/meow/servidor_minecraft/mods/pamhc2trees-1.20-1.0.2.jar
[02Aug2026 00:38:13.254] [main/DEBUG] [net.minecraftforge.fml.loading.moddiscovery.ModFileInfo/LOADING]: Found valid mod file pamhc2trees-1.20-1.0.2.jar with {pamhc2trees} mods - versions {1.0.2}
[02Aug2026 00:38:13.254] [main/DEBUG] [net.minecraftforge.fml.loading.moddiscovery.ModFile/LOADING]: Loading mod file /workspaces/meow/servidor_minecraft/mods/pamhc2trees-1.20-1.0.2.jar with languages [LanguageSpec[languageName=javafml, acceptedVersions=[40,)]]
[02Aug2026 00:38:13.255] [main/DEBUG] [net.minecraftforge.fml.loading.moddiscovery.ModFileParser/LOADING]: Considering mod file candidate /workspaces/meow/servidor_minecraft/mods/geckolib-forge-1.20.1-4.8.4.jar
[02Aug2026 00:38:13.255] [main/DEBUG] [net.minecraftforge.fml.loading.moddiscovery.ModFileInfo/LOADING]: Found valid mod file geckolib-forge-1.20.1-4.8.4.jar with {geckolib} mods - versions {4.8.4}
[02Aug2026 00:38:13.255] [main/DEBUG] [net.minecraftforge.fml.loading.moddiscovery.ModFile/LOADING]: Loading mod file /workspaces/meow/servidor_minecraft/mods/geckolib-forge-1.20.1-4.8.4.jar with languages [LanguageSpec[languageName=javafml, acceptedVersions=[47,)]]
[02Aug2026 00:38:13.255] [main/DEBUG] [net.minecraftforge.fml.loading.moddiscovery.ModFileParser/LOADING]: Considering mod file candidate /workspaces/meow/servidor_minecraft/mods/player-animation-lib-forge-1.0.2-rc1+1.20.jar
[02Aug2026 00:38:13.256] [main/DEBUG] [net.minecraftforge.fml.loading.moddiscovery.ModFileInfo/LOADING]: Found valid mod file player-animation-lib-forge-1.0.2-rc1+1.20.jar with {playeranimator} mods - versions {1.0.2-rc1+1.20}
[02Aug2026 00:38:13.256] [main/DEBUG] [net.minecraftforge.fml.loading.moddiscovery.ModFile/LOADING]: Loading mod file /workspaces/meow/servidor_minecraft/mods/player-animation-lib-forge-1.0.2-rc1+1.20.jar with languages [LanguageSpec[languageName=javafml, acceptedVersions=[46.0.0,)]]
[02Aug2026 00:38:13.256] [main/DEBUG] [net.minecraftforge.fml.loading.moddiscovery.ModFileParser/LOADING]: Considering mod file candidate /workspaces/meow/servidor_minecraft/mods/lithostitched-forge-1.20.1-1.4.11.jar
[02Aug2026 00:38:13.257] [main/DEBUG] [net.minecraftforge.fml.loading.moddiscovery.ModFileInfo/LOADING]: Found valid mod file lithostitched-forge-1.20.1-1.4.11.jar with {lithostitched} mods - versions {1.4.11}
[02Aug2026 00:38:13.257] [main/DEBUG] [net.minecraftforge.fml.loading.moddiscovery.ModFile/LOADING]: Loading mod file /workspaces/meow/servidor_minecraft/mods/lithostitched-forge-1.20.1-1.4.11.jar with languages [LanguageSpec[languageName=javafml, acceptedVersions=[46,)]]
[02Aug2026 00:38:13.257] [main/DEBUG] [net.minecraftforge.fml.loading.moddiscovery.ModFileParser/LOADING]: Considering mod file candidate /workspaces/meow/servidor_minecraft/mods/SubtleEffects-forge-1.20.1-1.14.3.jar
[02Aug2026 00:38:13.258] [main/DEBUG] [net.minecraftforge.fml.loading.moddiscovery.ModFileInfo/LOADING]: Found valid mod file SubtleEffects-forge-1.20.1-1.14.3.jar with {subtle_effects} mods - versions {1.14.3}
[02Aug2026 00:38:13.258] [main/DEBUG] [net.minecraftforge.fml.loading.moddiscovery.ModFile/LOADING]: Loading mod file /workspaces/meow/servidor_minecraft/mods/SubtleEffects-forge-1.20.1-1.14.3.jar with languages [LanguageSpec[languageName=javafml, acceptedVersions=[47,)]]
[02Aug2026 00:38:13.258] [main/DEBUG] [net.minecraftforge.fml.loading.moddiscovery.ModFileParser/LOADING]: Considering mod file candidate /workspaces/meow/servidor_minecraft/mods/dynamiclights-1.20.1.2.jar
[02Aug2026 00:38:13.258] [main/DEBUG] [net.minecraftforge.fml.loading.moddiscovery.ModFileInfo/LOADING]: Found valid mod file dynamiclights-1.20.1.2.jar with {dynamiclights} mods - versions {1.20.1.2}
[02Aug2026 00:38:13.258] [main/DEBUG] [net.minecraftforge.fml.loading.moddiscovery.ModFile/LOADING]: Loading mod file /workspaces/meow/servidor_minecraft/mods/dynamiclights-1.20.1.2.jar with languages [LanguageSpec[languageName=javafml, acceptedVersions=[37,)]]
[02Aug2026 00:38:13.258] [main/DEBUG] [net.minecraftforge.fml.loading.moddiscovery.ModFileParser/LOADING]: Considering mod file candidate /workspaces/meow/servidor_minecraft/mods/Paxi-1.20-Forge-4.0.jar
[02Aug2026 00:38:13.259] [main/DEBUG] [net.minecraftforge.fml.loading.moddiscovery.ModFileInfo/LOADING]: Found valid mod file Paxi-1.20-Forge-4.0.jar with {paxi} mods - versions {1.20-Forge-4.0}
[02Aug2026 00:38:13.259] [main/DEBUG] [net.minecraftforge.fml.loading.moddiscovery.ModFile/LOADING]: Loading mod file /workspaces/meow/servidor_minecraft/mods/Paxi-1.20-Forge-4.0.jar with languages [LanguageSpec[languageName=javafml, acceptedVersions=[46,)]]
[02Aug2026 00:38:13.259] [main/DEBUG] [net.minecraftforge.fml.loading.moddiscovery.ModFileParser/LOADING]: Considering mod file candidate /workspaces/meow/servidor_minecraft/mods/NoChatRestrictions-Forge-MC1.20.1-v1.0.0.jar
[02Aug2026 00:38:13.259] [main/DEBUG] [net.minecraftforge.fml.loading.moddiscovery.ModFileInfo/LOADING]: Found valid mod file NoChatRestrictions-Forge-MC1.20.1-v1.0.0.jar with {nochatrestrictions} mods - versions {1.20.1-v1.0.0}
[02Aug2026 00:38:13.259] [main/DEBUG] [net.minecraftforge.fml.loading.moddiscovery.ModFile/LOADING]: Loading mod file /workspaces/meow/servidor_minecraft/mods/NoChatRestrictions-Forge-MC1.20.1-v1.0.0.jar with languages [LanguageSpec[languageName=javafml, acceptedVersions=[35,)]]
[02Aug2026 00:38:13.260] [main/DEBUG] [net.minecraftforge.fml.loading.moddiscovery.ModFileParser/LOADING]: Considering mod file candidate /workspaces/meow/servidor_minecraft/mods/waystones-forge-1.20.1-14.1.20.jar
[02Aug2026 00:38:13.260] [main/DEBUG] [net.minecraftforge.fml.loading.moddiscovery.ModFileInfo/LOADING]: Found valid mod file waystones-forge-1.20.1-14.1.20.jar with {waystones} mods - versions {14.1.20}
[02Aug2026 00:38:13.260] [main/DEBUG] [net.minecraftforge.fml.loading.moddiscovery.ModFile/LOADING]: Loading mod file /workspaces/meow/servidor_minecraft/mods/waystones-forge-1.20.1-14.1.20.jar with languages [LanguageSpec[languageName=javafml, acceptedVersions=[46,)]]
[02Aug2026 00:38:13.260] [main/DEBUG] [net.minecraftforge.fml.loading.moddiscovery.ModFileParser/LOADING]: Considering mod file candidate /workspaces/meow/servidor_minecraft/mods/citadel-2.6.3-1.20.1.jar
[02Aug2026 00:38:13.261] [main/DEBUG] [net.minecraftforge.fml.loading.moddiscovery.ModFileInfo/LOADING]: Found valid mod file citadel-2.6.3-1.20.1.jar with {citadel} mods - versions {2.6.3}
[02Aug2026 00:38:13.261] [main/DEBUG] [net.minecraftforge.fml.loading.moddiscovery.ModFile/LOADING]: Loading mod file /workspaces/meow/servidor_minecraft/mods/citadel-2.6.3-1.20.1.jar with languages [LanguageSpec[languageName=javafml, acceptedVersions=[47,)]]
[02Aug2026 00:38:13.261] [main/DEBUG] [net.minecraftforge.fml.loading.moddiscovery.ModFileParser/LOADING]: Considering mod file candidate /workspaces/meow/servidor_minecraft/mods/modernfix-forge-5.27.66+mc1.20.1.jar
[02Aug2026 00:38:13.261] [main/DEBUG] [net.minecraftforge.fml.loading.moddiscovery.ModFileInfo/LOADING]: Found valid mod file modernfix-forge-5.27.66+mc1.20.1.jar with {modernfix} mods - versions {5.27.66+mc1.20.1}
[02Aug2026 00:38:13.261] [main/DEBUG] [net.minecraftforge.fml.loading.moddiscovery.ModFile/LOADING]: Loading mod file /workspaces/meow/servidor_minecraft/mods/modernfix-forge-5.27.66+mc1.20.1.jar with languages [LanguageSpec[languageName=javafml, acceptedVersions=[46,)]]
[02Aug2026 00:38:13.261] [main/DEBUG] [net.minecraftforge.fml.loading.moddiscovery.ModFileParser/LOADING]: Considering mod file candidate /workspaces/meow/servidor_minecraft/mods/travelersbackpack-forge-1.20.1-9.1.56.jar
[02Aug2026 00:38:13.262] [main/DEBUG] [net.minecraftforge.fml.loading.moddiscovery.ModFileInfo/LOADING]: Found valid mod file travelersbackpack-forge-1.20.1-9.1.56.jar with {travelersbackpack} mods - versions {9.1.56}
[02Aug2026 00:38:13.262] [main/DEBUG] [net.minecraftforge.fml.loading.moddiscovery.ModFile/LOADING]: Loading mod file /workspaces/meow/servidor_minecraft/mods/travelersbackpack-forge-1.20.1-9.1.56.jar with languages [LanguageSpec[languageName=javafml, acceptedVersions=[46,)]]
[02Aug2026 00:38:13.262] [main/DEBUG] [net.minecraftforge.fml.loading.moddiscovery.ModFileParser/LOADING]: Considering mod file candidate /workspaces/meow/servidor_minecraft/mods/YungsApi-1.20-Forge-4.0.6.jar
[02Aug2026 00:38:13.262] [main/DEBUG] [net.minecraftforge.fml.loading.moddiscovery.ModFileInfo/LOADING]: Found valid mod file YungsApi-1.20-Forge-4.0.6.jar with {yungsapi} mods - versions {1.20-Forge-4.0.6}
[02Aug2026 00:38:13.262] [main/DEBUG] [net.minecraftforge.fml.loading.moddiscovery.ModFile/LOADING]: Loading mod file /workspaces/meow/servidor_minecraft/mods/YungsApi-1.20-Forge-4.0.6.jar with languages [LanguageSpec[languageName=javafml, acceptedVersions=[46,)]]
[02Aug2026 00:38:13.263] [main/DEBUG] [net.minecraftforge.fml.loading.moddiscovery.ModFileParser/LOADING]: Considering mod file candidate /workspaces/meow/servidor_minecraft/mods/MyServerIsCompatible-1.20-1.0.jar
[02Aug2026 00:38:13.263] [main/DEBUG] [net.minecraftforge.fml.loading.moddiscovery.ModFileInfo/LOADING]: Found valid mod file MyServerIsCompatible-1.20-1.0.jar with {myserveriscompatible} mods - versions {1.0}
[02Aug2026 00:38:13.263] [main/DEBUG] [net.minecraftforge.fml.loading.moddiscovery.ModFile/LOADING]: Loading mod file /workspaces/meow/servidor_minecraft/mods/MyServerIsCompatible-1.20-1.0.jar with languages [LanguageSpec[languageName=javafml, acceptedVersions=[46,)]]
[02Aug2026 00:38:13.263] [main/DEBUG] [net.minecraftforge.fml.loading.moddiscovery.ModFileParser/LOADING]: Considering mod file candidate 
[02Aug2026 00:38:13.263] [main/DEBUG] [net.minecraftforge.fml.loading.moddiscovery.ModFileInfo/LOADING]: Found valid mod file midnightlib-1.9.2+1.20.1-forge.jar with {midnightlib} mods - versions {1.9.2}
[02Aug2026 00:38:13.264] [main/DEBUG] [net.minecraftforge.fml.loading.moddiscovery.ModFile/LOADING]: Loading mod file  with languages [LanguageSpec[languageName=javafml, acceptedVersions=[43,)]]
[02Aug2026 00:38:13.264] [main/DEBUG] [net.minecraftforge.fml.loading.moddiscovery.ModFileParser/LOADING]: Considering mod file candidate /workspaces/meow/servidor_minecraft/mods/starlight-1.1.2+forge.1cda73c.jar
[02Aug2026 00:38:13.264] [main/DEBUG] [net.minecraftforge.fml.loading.moddiscovery.ModFileInfo/LOADING]: Found valid mod file starlight-1.1.2+forge.1cda73c.jar with {starlight} mods - versions {1.1.2+forge.1cda73c}
[02Aug2026 00:38:13.264] [main/DEBUG] [net.minecraftforge.fml.loading.moddiscovery.ModFile/LOADING]: Loading mod file /workspaces/meow/servidor_minecraft/mods/starlight-1.1.2+forge.1cda73c.jar with languages [LanguageSpec[languageName=javafml, acceptedVersions=[46,)]]
[02Aug2026 00:38:13.264] [main/DEBUG] [net.minecraftforge.fml.loading.moddiscovery.ModFileParser/LOADING]: Considering mod file candidate /workspaces/meow/servidor_minecraft/mods/ExplorersCompass-1.20.1-1.4.0-forge.jar
[02Aug2026 00:38:13.265] [main/DEBUG] [net.minecraftforge.fml.loading.moddiscovery.ModFileInfo/LOADING]: Found valid mod file ExplorersCompass-1.20.1-1.4.0-forge.jar with {explorerscompass} mods - versions {1.20.1-1.4.0-forge}
[02Aug2026 00:38:13.265] [main/DEBUG] [net.minecraftforge.fml.loading.moddiscovery.ModFile/LOADING]: Loading mod file /workspaces/meow/servidor_minecraft/mods/ExplorersCompass-1.20.1-1.4.0-forge.jar with languages [LanguageSpec[languageName=javafml, acceptedVersions=[47,)]]
[02Aug2026 00:38:13.265] [main/DEBUG] [net.minecraftforge.fml.loading.moddiscovery.ModFileParser/LOADING]: Considering mod file candidate /workspaces/meow/servidor_minecraft/mods/balm-forge-1.20.1-7.3.41-all.jar
[02Aug2026 00:38:13.265] [main/DEBUG] [net.minecraftforge.fml.loading.moddiscovery.ModFileInfo/LOADING]: Found valid mod file balm-forge-1.20.1-7.3.41-all.jar with {balm} mods - versions {7.3.41}
[02Aug2026 00:38:13.265] [main/DEBUG] [net.minecraftforge.fml.loading.moddiscovery.ModFile/LOADING]: Loading mod file /workspaces/meow/servidor_minecraft/mods/balm-forge-1.20.1-7.3.41-all.jar with languages [LanguageSpec[languageName=javafml, acceptedVersions=[46,)]]
[02Aug2026 00:38:13.265] [main/DEBUG] [net.minecraftforge.fml.loading.moddiscovery.ModFileParser/LOADING]: Considering mod file candidate /workspaces/meow/servidor_minecraft/mods/melody_forge_1.0.3_MC_1.20.1-1.20.4.jar
[02Aug2026 00:38:13.266] [main/DEBUG] [net.minecraftforge.fml.loading.moddiscovery.ModFileInfo/LOADING]: Found valid mod file melody_forge_1.0.3_MC_1.20.1-1.20.4.jar with {melody} mods - versions {1.0.2}
[02Aug2026 00:38:13.266] [main/DEBUG] [net.minecraftforge.fml.loading.moddiscovery.ModFile/LOADING]: Loading mod file /workspaces/meow/servidor_minecraft/mods/melody_forge_1.0.3_MC_1.20.1-1.20.4.jar with languages [LanguageSpec[languageName=javafml, acceptedVersions=[47,)]]
[02Aug2026 00:38:13.266] [main/DEBUG] [net.minecraftforge.fml.loading.moddiscovery.ModFileParser/LOADING]: Considering mod file candidate /workspaces/meow/servidor_minecraft/libraries/net/minecraftforge/forge/1.20.1-47.4.21/forge-1.20.1-47.4.21-universal.jar
[02Aug2026 00:38:13.267] [main/DEBUG] [net.minecraftforge.fml.loading.moddiscovery.ModFileInfo/LOADING]: Found valid mod file forge-1.20.1-47.4.21-universal.jar with {forge} mods - versions {47.4.21}
[02Aug2026 00:38:13.267] [main/DEBUG] [net.minecraftforge.fml.loading.moddiscovery.ModFile/LOADING]: Loading mod file /workspaces/meow/servidor_minecraft/libraries/net/minecraftforge/forge/1.20.1-47.4.21/forge-1.20.1-47.4.21-universal.jar with languages [LanguageSpec[languageName=javafml, acceptedVersions=[24,]]]
[02Aug2026 00:38:13.269] [main/DEBUG] [net.minecraftforge.fml.loading.moddiscovery.ModFileParser/LOADING]: Found coremod field_to_method with Javascript path coremods/field_to_method.js
[02Aug2026 00:38:13.269] [main/DEBUG] [net.minecraftforge.fml.loading.moddiscovery.ModFileParser/LOADING]: Found coremod field_to_instanceof with Javascript path coremods/field_to_instanceof.js
[02Aug2026 00:38:13.269] [main/DEBUG] [net.minecraftforge.fml.loading.moddiscovery.ModFileParser/LOADING]: Found coremod add_bouncer_method with Javascript path coremods/add_bouncer_method.js
[02Aug2026 00:38:13.269] [main/DEBUG] [net.minecraftforge.fml.loading.moddiscovery.ModFileParser/LOADING]: Found coremod method_redirector with Javascript path coremods/method_redirector.js
[02Aug2026 00:38:13.269] [main/DEBUG] [net.minecraftforge.fml.loading.moddiscovery.ModFile/LOADING]: Found coremod coremods/field_to_method.js
[02Aug2026 00:38:13.269] [main/DEBUG] [net.minecraftforge.fml.loading.moddiscovery.ModFile/LOADING]: Found coremod coremods/field_to_instanceof.js
[02Aug2026 00:38:13.269] [main/DEBUG] [net.minecraftforge.fml.loading.moddiscovery.ModFile/LOADING]: Found coremod coremods/add_bouncer_method.js
[02Aug2026 00:38:13.269] [main/DEBUG] [net.minecraftforge.fml.loading.moddiscovery.ModFile/LOADING]: Found coremod coremods/method_redirector.js
[02Aug2026 00:38:13.269] [main/DEBUG] [net.minecraftforge.fml.loading.moddiscovery.ModFileParser/LOADING]: Considering mod file candidate /workspaces/meow/servidor_minecraft/mods/fzzy_config-0.7.6+1.20.1+forge.jar
[02Aug2026 00:38:13.270] [main/DEBUG] [net.minecraftforge.fml.loading.moddiscovery.ModFileInfo/LOADING]: Found valid mod file fzzy_config-0.7.6+1.20.1+forge.jar with {fzzy_config} mods - versions {0.7.6+1.20.1+forge}
[02Aug2026 00:38:13.270] [main/DEBUG] [net.minecraftforge.fml.loading.moddiscovery.ModFile/LOADING]: Loading mod file /workspaces/meow/servidor_minecraft/mods/fzzy_config-0.7.6+1.20.1+forge.jar with languages [LanguageSpec[languageName=javafml, acceptedVersions=[1,)]]
[02Aug2026 00:38:13.270] [main/DEBUG] [net.minecraftforge.fml.loading.moddiscovery.ModFileParser/LOADING]: Considering mod file candidate /workspaces/meow/servidor_minecraft/mods/embeddium-0.3.31+mc1.20.1.jar
[02Aug2026 00:38:13.271] [main/DEBUG] [net.minecraftforge.fml.loading.moddiscovery.ModFileInfo/LOADING]: Found valid mod file embeddium-0.3.31+mc1.20.1.jar with {embeddium,rubidium} mods - versions {0.3.31+mc1.20.1,0.7.1}
[02Aug2026 00:38:13.271] [main/DEBUG] [net.minecraftforge.fml.loading.moddiscovery.ModFile/LOADING]: Loading mod file /workspaces/meow/servidor_minecraft/mods/embeddium-0.3.31+mc1.20.1.jar with languages [LanguageSpec[languageName=javafml, acceptedVersions=[47,)]]
[02Aug2026 00:38:13.271] [main/DEBUG] [net.minecraftforge.fml.loading.moddiscovery.ModFileParser/LOADING]: Considering mod file candidate /workspaces/meow/servidor_minecraft/mods/konkrete_forge_1.8.0_MC_1.20-1.20.1.jar
[02Aug2026 00:38:13.271] [main/DEBUG] [net.minecraftforge.fml.loading.moddiscovery.ModFileInfo/LOADING]: Found valid mod file konkrete_forge_1.8.0_MC_1.20-1.20.1.jar with {konkrete} mods - versions {1.8.0}
[02Aug2026 00:38:13.271] [main/DEBUG] [net.minecraftforge.fml.loading.moddiscovery.ModFile/LOADING]: Loading mod file /workspaces/meow/servidor_minecraft/mods/konkrete_forge_1.8.0_MC_1.20-1.20.1.jar with languages [LanguageSpec[languageName=javafml, acceptedVersions=[46,)]]
[02Aug2026 00:38:13.271] [main/DEBUG] [net.minecraftforge.fml.loading.moddiscovery.ModFileParser/LOADING]: Considering mod file candidate /workspaces/meow/servidor_minecraft/mods/emi-1.1.24+1.20.1+forge.jar
[02Aug2026 00:38:13.272] [main/DEBUG] [net.minecraftforge.fml.loading.moddiscovery.ModFileInfo/LOADING]: Found valid mod file emi-1.1.24+1.20.1+forge.jar with {emi} mods - versions {1.1.24+1.20.1+forge}
[02Aug2026 00:38:13.272] [main/DEBUG] [net.minecraftforge.fml.loading.moddiscovery.ModFile/LOADING]: Loading mod file /workspaces/meow/servidor_minecraft/mods/emi-1.1.24+1.20.1+forge.jar with languages [LanguageSpec[languageName=javafml, acceptedVersions=[40,)]]
[02Aug2026 00:38:13.272] [main/DEBUG] [net.minecraftforge.fml.loading.moddiscovery.ModFileParser/LOADING]: Considering mod file candidate /workspaces/meow/servidor_minecraft/mods/entity_model_features-3.2.4-1.20.1-forge.jar
[02Aug2026 00:38:13.272] [main/DEBUG] [net.minecraftforge.fml.loading.moddiscovery.ModFileInfo/LOADING]: Found valid mod file entity_model_features-3.2.4-1.20.1-forge.jar with {entity_model_features} mods - versions {3.2.4}
[02Aug2026 00:38:13.272] [main/DEBUG] [net.minecraftforge.fml.loading.moddiscovery.ModFile/LOADING]: Loading mod file /workspaces/meow/servidor_minecraft/mods/entity_model_features-3.2.4-1.20.1-forge.jar with languages [LanguageSpec[languageName=javafml, acceptedVersions=[33,)]]
[02Aug2026 00:38:13.273] [main/DEBUG] [net.minecraftforge.fml.loading.moddiscovery.ModFileParser/LOADING]: Considering mod file candidate /workspaces/meow/servidor_minecraft/mods/TConstruct-1.20.1-3.11.2.166.jar
[02Aug2026 00:38:13.273] [main/DEBUG] [net.minecraftforge.fml.loading.moddiscovery.ModFileInfo/LOADING]: Found valid mod file TConstruct-1.20.1-3.11.2.166.jar with {tconstruct} mods - versions {3.11.2.166}
[02Aug2026 00:38:13.273] [main/DEBUG] [net.minecraftforge.fml.loading.moddiscovery.ModFile/LOADING]: Loading mod file /workspaces/meow/servidor_minecraft/mods/TConstruct-1.20.1-3.11.2.166.jar with languages [LanguageSpec[languageName=javafml, acceptedVersions=*]]
[02Aug2026 00:38:13.273] [main/DEBUG] [net.minecraftforge.fml.loading.moddiscovery.ModFileInfo/LOADING]: Found valid mod file server-1.20.1-20230612.114412-srg.jar with {minecraft} mods - versions {1.20.1}
[02Aug2026 00:38:13.273] [main/DEBUG] [net.minecraftforge.fml.loading.moddiscovery.ModFile/LOADING]: Loading mod file /workspaces/meow/servidor_minecraft/libraries/net/minecraft/server/1.20.1-20230612.114412/server-1.20.1-20230612.114412-srg.jar with languages [LanguageSpec[languageName=minecraft, acceptedVersions=1]]
[02Aug2026 00:38:13.274] [main/DEBUG] [net.minecraftforge.fml.loading.moddiscovery.ModFileParser/LOADING]: Considering mod file candidate /workspaces/meow/servidor_minecraft/mods/entity_texture_features_1.20.1-forge-7.1.jar
[02Aug2026 00:38:13.274] [main/DEBUG] [net.minecraftforge.fml.loading.moddiscovery.ModFileInfo/LOADING]: Found valid mod file entity_texture_features_1.20.1-forge-7.1.jar with {entity_texture_features} mods - versions {7.1}
[02Aug2026 00:38:13.274] [main/DEBUG] [net.minecraftforge.fml.loading.moddiscovery.ModFile/LOADING]: Loading mod file /workspaces/meow/servidor_minecraft/mods/entity_texture_features_1.20.1-forge-7.1.jar with languages [LanguageSpec[languageName=javafml, acceptedVersions=[33,)]]
[02Aug2026 00:38:13.274] [main/DEBUG] [net.minecraftforge.fml.loading.moddiscovery.ModFileParser/LOADING]: Considering mod file candidate /workspaces/meow/servidor_minecraft/mods/Jade-1.20.1-Forge-11.13.3.jar
[02Aug2026 00:38:13.275] [main/DEBUG] [net.minecraftforge.fml.loading.moddiscovery.ModFileInfo/LOADING]: Found valid mod file Jade-1.20.1-Forge-11.13.3.jar with {jade} mods - versions {11.13.3+forge}
[02Aug2026 00:38:13.275] [main/DEBUG] [net.minecraftforge.fml.loading.moddiscovery.ModFile/LOADING]: Loading mod file /workspaces/meow/servidor_minecraft/mods/Jade-1.20.1-Forge-11.13.3.jar with languages [LanguageSpec[languageName=javafml, acceptedVersions=[46,)]]
[02Aug2026 00:38:13.275] [main/DEBUG] [net.minecraftforge.fml.loading.moddiscovery.ModFileParser/LOADING]: Considering mod file candidate /workspaces/meow/servidor_minecraft/mods/ShoulderSurfing-Forge-1.20.1-5.0.7.jar
[02Aug2026 00:38:13.275] [main/DEBUG] [net.minecraftforge.fml.loading.moddiscovery.ModFileInfo/LOADING]: Found valid mod file ShoulderSurfing-Forge-1.20.1-5.0.7.jar with {shouldersurfing} mods - versions {1.20.1-5.0.7}
[02Aug2026 00:38:13.275] [main/DEBUG] [net.minecraftforge.fml.loading.moddiscovery.ModFile/LOADING]: Loading mod file /workspaces/meow/servidor_minecraft/mods/ShoulderSurfing-Forge-1.20.1-5.0.7.jar with languages [LanguageSpec[languageName=javafml, acceptedVersions=[46,48)]]
[02Aug2026 00:38:13.275] [main/DEBUG] [net.minecraftforge.fml.loading.moddiscovery.ModFileParser/LOADING]: Considering mod file candidate /workspaces/meow/servidor_minecraft/mods/servercore-forge-1.5.2+1.20.1.jar
[02Aug2026 00:38:13.276] [main/DEBUG] [net.minecraftforge.fml.loading.moddiscovery.ModFileInfo/LOADING]: Found valid mod file servercore-forge-1.5.2+1.20.1.jar with {servercore} mods - versions {1.5.2+1.20.1}
[02Aug2026 00:38:13.276] [main/DEBUG] [net.minecraftforge.fml.loading.moddiscovery.ModFile/LOADING]: Loading mod file /workspaces/meow/servidor_minecraft/mods/servercore-forge-1.5.2+1.20.1.jar with languages [LanguageSpec[languageName=javafml, acceptedVersions=[46,)]]
[02Aug2026 00:38:13.276] [main/DEBUG] [net.minecraftforge.fml.loading.moddiscovery.ModFileParser/LOADING]: Considering mod file candidate 
[02Aug2026 00:38:13.276] [main/DEBUG] [net.minecraftforge.fml.loading.moddiscovery.ModFileInfo/LOADING]: Found valid mod file kffmod-4.12.0.jar with {kotlinforforge} mods - versions {4.12.0}
[02Aug2026 00:38:13.276] [main/DEBUG] [net.minecraftforge.fml.loading.moddiscovery.ModFile/LOADING]: Loading mod file  with languages [LanguageSpec[languageName=kotlinforforge, acceptedVersions=[4,)]]
[02Aug2026 00:38:13.277] [main/DEBUG] [net.minecraftforge.fml.loading.moddiscovery.ModFileParser/LOADING]: Considering mod file candidate /workspaces/meow/servidor_minecraft/mods/Mantle-1.20.1-1.11.104.jar
[02Aug2026 00:38:13.277] [main/DEBUG] [net.minecraftforge.fml.loading.moddiscovery.ModFileInfo/LOADING]: Found valid mod file Mantle-1.20.1-1.11.104.jar with {mantle} mods - versions {1.11.104}
[02Aug2026 00:38:13.277] [main/DEBUG] [net.minecraftforge.fml.loading.moddiscovery.ModFile/LOADING]: Loading mod file /workspaces/meow/servidor_minecraft/mods/Mantle-1.20.1-1.11.104.jar with languages [LanguageSpec[languageName=javafml, acceptedVersions=*]]
[02Aug2026 00:38:13.277] [main/DEBUG] [net.minecraftforge.fml.loading.moddiscovery.ModFileParser/LOADING]: Considering mod file candidate /workspaces/meow/servidor_minecraft/mods/oculus-mc1.20.1-1.8.0.jar
[02Aug2026 00:38:13.278] [main/DEBUG] [net.minecraftforge.fml.loading.moddiscovery.ModFileInfo/LOADING]: Found valid mod file oculus-mc1.20.1-1.8.0.jar with {oculus} mods - versions {1.8.0}
[02Aug2026 00:38:13.278] [main/DEBUG] [net.minecraftforge.fml.loading.moddiscovery.ModFile/LOADING]: Loading mod file /workspaces/meow/servidor_minecraft/mods/oculus-mc1.20.1-1.8.0.jar with languages [LanguageSpec[languageName=javafml, acceptedVersions=*]]
[02Aug2026 00:38:13.278] [main/DEBUG] [net.minecraftforge.fml.loading.moddiscovery.ModFileParser/LOADING]: Considering mod file candidate /workspaces/meow/servidor_minecraft/mods/collective-1.20.1-8.39.jar
[02Aug2026 00:38:13.278] [main/DEBUG] [net.minecraftforge.fml.loading.moddiscovery.ModFileInfo/LOADING]: Found valid mod file collective-1.20.1-8.39.jar with {collective} mods - versions {8.39}
[02Aug2026 00:38:13.278] [main/DEBUG] [net.minecraftforge.fml.loading.moddiscovery.ModFile/LOADING]: Loading mod file /workspaces/meow/servidor_minecraft/mods/collective-1.20.1-8.39.jar with languages [LanguageSpec[languageName=javafml, acceptedVersions=*]]
[02Aug2026 00:38:13.278] [main/DEBUG] [net.minecraftforge.fml.loading.moddiscovery.ModFileParser/LOADING]: Considering mod file candidate /workspaces/meow/servidor_minecraft/mods/cullleaves-forge-4.1.1+1.20.1.jar
[02Aug2026 00:38:13.279] [main/DEBUG] [net.minecraftforge.fml.loading.moddiscovery.ModFileInfo/LOADING]: Found valid mod file cullleaves-forge-4.1.1+1.20.1.jar with {cullleaves} mods - versions {4.1.1}
[02Aug2026 00:38:13.279] [main/DEBUG] [net.minecraftforge.fml.loading.moddiscovery.ModFile/LOADING]: Loading mod file /workspaces/meow/servidor_minecraft/mods/cullleaves-forge-4.1.1+1.20.1.jar with languages [LanguageSpec[languageName=javafml, acceptedVersions=[43,)]]
[02Aug2026 00:38:13.279] [main/DEBUG] [net.minecraftforge.fml.loading.moddiscovery.ModFileParser/LOADING]: Considering mod file candidate /workspaces/meow/servidor_minecraft/mods/gravestone-forge-1.20.1-1.0.35.jar
[02Aug2026 00:38:13.279] [main/DEBUG] [net.minecraftforge.fml.loading.moddiscovery.ModFileInfo/LOADING]: Found valid mod file gravestone-forge-1.20.1-1.0.35.jar with {gravestone} mods - versions {1.20.1-1.0.35}
[02Aug2026 00:38:13.280] [main/DEBUG] [net.minecraftforge.fml.loading.moddiscovery.ModFile/LOADING]: Loading mod file /workspaces/meow/servidor_minecraft/mods/gravestone-forge-1.20.1-1.0.35.jar with languages [LanguageSpec[languageName=javafml, acceptedVersions=*]]
[02Aug2026 00:38:13.280] [main/DEBUG] [net.minecraftforge.fml.loading.moddiscovery.ModFileParser/LOADING]: Considering mod file candidate /workspaces/meow/servidor_minecraft/mods/fancymenu_forge_3.9.8_MC_1.20.1.jar
[02Aug2026 00:38:13.280] [main/DEBUG] [net.minecraftforge.fml.loading.moddiscovery.ModFileInfo/LOADING]: Found valid mod file fancymenu_forge_3.9.8_MC_1.20.1.jar with {fancymenu} mods - versions {3.9.8}
[02Aug2026 00:38:13.280] [main/DEBUG] [net.minecraftforge.fml.loading.moddiscovery.ModFile/LOADING]: Loading mod file /workspaces/meow/servidor_minecraft/mods/fancymenu_forge_3.9.8_MC_1.20.1.jar with languages [LanguageSpec[languageName=javafml, acceptedVersions=[47,)]]
[02Aug2026 00:38:13.280] [main/DEBUG] [net.minecraftforge.fml.loading.moddiscovery.ModFileParser/LOADING]: Considering mod file candidate /workspaces/meow/servidor_minecraft/mods/ImmediatelyFast-Forge-1.5.5+1.20.4.jar
[02Aug2026 00:38:13.281] [main/DEBUG] [net.minecraftforge.fml.loading.moddiscovery.ModFileInfo/LOADING]: Found valid mod file ImmediatelyFast-Forge-1.5.5+1.20.4.jar with {immediatelyfast} mods - versions {1.5.5+1.20.4}
[02Aug2026 00:38:13.281] [main/DEBUG] [net.minecraftforge.fml.loading.moddiscovery.ModFile/LOADING]: Loading mod file /workspaces/meow/servidor_minecraft/mods/ImmediatelyFast-Forge-1.5.5+1.20.4.jar with languages [LanguageSpec[languageName=javafml, acceptedVersions=[46,)]]
[02Aug2026 00:38:13.281] [main/DEBUG] [net.minecraftforge.fml.loading.moddiscovery.ModFileParser/LOADING]: Considering mod file candidate /workspaces/meow/servidor_minecraft/mods/ferritecore-6.0.1-forge.jar
[02Aug2026 00:38:13.281] [main/DEBUG] [net.minecraftforge.fml.loading.moddiscovery.ModFileInfo/LOADING]: Found valid mod file ferritecore-6.0.1-forge.jar with {ferritecore} mods - versions {6.0.1}
[02Aug2026 00:38:13.281] [main/DEBUG] [net.minecraftforge.fml.loading.moddiscovery.ModFile/LOADING]: Loading mod file /workspaces/meow/servidor_minecraft/mods/ferritecore-6.0.1-forge.jar with languages [LanguageSpec[languageName=javafml, acceptedVersions=[28,)]]
[02Aug2026 00:38:13.281] [main/DEBUG] [net.minecraftforge.fml.loading.moddiscovery.ModFileParser/LOADING]: Considering mod file candidate /workspaces/meow/servidor_minecraft/mods/rubidium-extra-0.5.4.4+mc1.20.1-build.131.jar
[02Aug2026 00:38:13.282] [main/DEBUG] [net.minecraftforge.fml.loading.moddiscovery.ModFileInfo/LOADING]: Found valid mod file rubidium-extra-0.5.4.4+mc1.20.1-build.131.jar with {embeddium_extra} mods - versions {0.5.4.4+mc1.20.1-build.131}
[02Aug2026 00:38:13.282] [main/DEBUG] [net.minecraftforge.fml.loading.moddiscovery.ModFile/LOADING]: Loading mod file /workspaces/meow/servidor_minecraft/mods/rubidium-extra-0.5.4.4+mc1.20.1-build.131.jar with languages [LanguageSpec[languageName=javafml, acceptedVersions=*]]
[02Aug2026 00:38:13.282] [main/DEBUG] [net.minecraftforge.fml.loading.moddiscovery.ModFileParser/LOADING]: Considering mod file candidate /workspaces/meow/servidor_minecraft/mods/Aquaculture-1.20.1-2.5.7.jar
[02Aug2026 00:38:13.282] [main/DEBUG] [net.minecraftforge.fml.loading.moddiscovery.ModFileInfo/LOADING]: Found valid mod file Aquaculture-1.20.1-2.5.7.jar with {aquaculture} mods - versions {2.5.7}
[02Aug2026 00:38:13.283] [main/DEBUG] [net.minecraftforge.fml.loading.moddiscovery.ModFile/LOADING]: Loading mod file /workspaces/meow/servidor_minecraft/mods/Aquaculture-1.20.1-2.5.7.jar with languages [LanguageSpec[languageName=javafml, acceptedVersions=[47,)]]
[02Aug2026 00:38:13.283] [main/DEBUG] [net.minecraftforge.fml.loading.moddiscovery.ModFileParser/LOADING]: Considering mod file candidate /workspaces/meow/servidor_minecraft/mods/KimetsunoYaiba-ver3-forge-1.20.1.jar
[02Aug2026 00:38:13.283] [main/DEBUG] [net.minecraftforge.fml.loading.moddiscovery.ModFileInfo/LOADING]: Found valid mod file KimetsunoYaiba-ver3-forge-1.20.1.jar with {kimetsunoyaiba} mods - versions {3}
[02Aug2026 00:38:13.283] [main/DEBUG] [net.minecraftforge.fml.loading.moddiscovery.ModFile/LOADING]: Loading mod file /workspaces/meow/servidor_minecraft/mods/KimetsunoYaiba-ver3-forge-1.20.1.jar with languages [LanguageSpec[languageName=javafml, acceptedVersions=[47,)]]
[02Aug2026 00:38:13.283] [main/DEBUG] [net.minecraftforge.fml.loading.moddiscovery.ModFileParser/LOADING]: Considering mod file candidate /workspaces/meow/servidor_minecraft/mods/chunksfadein-forge-3.0.25-1.20.jar
[02Aug2026 00:38:13.284] [main/DEBUG] [net.minecraftforge.fml.loading.moddiscovery.ModFileInfo/LOADING]: Found valid mod file chunksfadein-forge-3.0.25-1.20.jar with {chunksfadein} mods - versions {3.0.25-1.20}
[02Aug2026 00:38:13.284] [main/DEBUG] [net.minecraftforge.fml.loading.moddiscovery.ModFile/LOADING]: Loading mod file /workspaces/meow/servidor_minecraft/mods/chunksfadein-forge-3.0.25-1.20.jar with languages [LanguageSpec[languageName=javafml, acceptedVersions=*]]
[02Aug2026 00:38:13.284] [main/DEBUG] [net.minecraftforge.fml.loading.moddiscovery.ModFileParser/LOADING]: Considering mod file candidate /workspaces/meow/servidor_minecraft/mods/BadOptimizations-2.4.1-1.20.1.jar
[02Aug2026 00:38:13.284] [main/DEBUG] [net.minecraftforge.fml.loading.moddiscovery.ModFileInfo/LOADING]: Found valid mod file BadOptimizations-2.4.1-1.20.1.jar with {badoptimizations} mods - versions {2.4.1}
[02Aug2026 00:38:13.284] [main/DEBUG] [net.minecraftforge.fml.loading.moddiscovery.ModFile/LOADING]: Loading mod file /workspaces/meow/servidor_minecraft/mods/BadOptimizations-2.4.1-1.20.1.jar with languages [LanguageSpec[languageName=javafml, acceptedVersions=[1,)]]
[02Aug2026 00:38:13.284] [main/DEBUG] [net.minecraftforge.fml.loading.moddiscovery.ModFileParser/LOADING]: Considering mod file candidate /workspaces/meow/servidor_minecraft/mods/cosmeticarmorreworked-1.20.1-v1a.jar
[02Aug2026 00:38:13.285] [main/DEBUG] [net.minecraftforge.fml.loading.moddiscovery.ModFileInfo/LOADING]: Found valid mod file cosmeticarmorreworked-1.20.1-v1a.jar with {cosmeticarmorreworked} mods - versions {1.20.1-v1a}
[02Aug2026 00:38:13.285] [main/DEBUG] [net.minecraftforge.fml.loading.moddiscovery.ModFile/LOADING]: Loading mod file /workspaces/meow/servidor_minecraft/mods/cosmeticarmorreworked-1.20.1-v1a.jar with languages [LanguageSpec[languageName=javafml, acceptedVersions=[47,)]]
[02Aug2026 00:38:13.285] [main/DEBUG] [net.minecraftforge.fml.loading.moddiscovery.ModFileParser/LOADING]: Considering mod file candidate /workspaces/meow/servidor_minecraft/mods/explosiveenhancement-1.1.0-1.20.1-client-and-server.jar
[02Aug2026 00:38:13.285] [main/DEBUG] [net.minecraftforge.fml.loading.moddiscovery.ModFileInfo/LOADING]: Found valid mod file explosiveenhancement-1.1.0-1.20.1-client-and-server.jar with {explosiveenhancement} mods - versions {1.1.0}
[02Aug2026 00:38:13.285] [main/DEBUG] [net.minecraftforge.fml.loading.moddiscovery.ModFile/LOADING]: Loading mod file /workspaces/meow/servidor_minecraft/mods/explosiveenhancement-1.1.0-1.20.1-client-and-server.jar with languages [LanguageSpec[languageName=javafml, acceptedVersions=[47,)]]
[02Aug2026 00:38:13.285] [main/DEBUG] [net.minecraftforge.fml.loading.moddiscovery.ModFileParser/LOADING]: Considering mod file candidate /workspaces/meow/servidor_minecraft/mods/YeetusExperimentus-Forge-2.3.1-build.6+mc1.20.1.jar
[02Aug2026 00:38:13.286] [main/DEBUG] [net.minecraftforge.fml.loading.moddiscovery.ModFileInfo/LOADING]: Found valid mod file YeetusExperimentus-Forge-2.3.1-build.6+mc1.20.1.jar with {yeetusexperimentus} mods - versions {2.3.1-build.6+mc1.20.1}
[02Aug2026 00:38:13.286] [main/DEBUG] [net.minecraftforge.fml.loading.moddiscovery.ModFile/LOADING]: Loading mod file /workspaces/meow/servidor_minecraft/mods/YeetusExperimentus-Forge-2.3.1-build.6+mc1.20.1.jar with languages [LanguageSpec[languageName=javafml, acceptedVersions=[44,)]]
[02Aug2026 00:38:13.286] [main/DEBUG] [net.minecraftforge.fml.loading.moddiscovery.ModFile/LOADING]: Loading mod file  with languages []
[02Aug2026 00:38:13.286] [main/DEBUG] [net.minecraftforge.fml.loading.moddiscovery.ModFile/LOADING]: Loading mod file  with languages []
[02Aug2026 00:38:13.286] [main/DEBUG] [net.minecraftforge.fml.loading.moddiscovery.ModFile/LOADING]: Loading mod file  with languages []
[02Aug2026 00:38:13.286] [main/DEBUG] [net.minecraftforge.fml.loading.moddiscovery.ModFile/LOADING]: Loading mod file  with languages []
[02Aug2026 00:38:13.286] [main/DEBUG] [net.minecraftforge.fml.loading.moddiscovery.ModFileParser/LOADING]: Considering mod file candidate 
[02Aug2026 00:38:13.287] [main/DEBUG] [net.minecraftforge.fml.loading.moddiscovery.ModFileInfo/LOADING]: Found valid mod file mixinextras-forge-0.4.1.jar with {mixinextras} mods - versions {0.4.1}
[02Aug2026 00:38:13.287] [main/DEBUG] [net.minecraftforge.fml.loading.moddiscovery.ModFile/LOADING]: Loading mod file  with languages [LanguageSpec[languageName=javafml, acceptedVersions=*]]
[02Aug2026 00:38:13.287] [main/DEBUG] [net.minecraftforge.fml.loading.moddiscovery.ModFile/LOADING]: Loading mod file  with languages []
[02Aug2026 00:38:13.287] [main/DEBUG] [net.minecraftforge.fml.loading.moddiscovery.ModFile/LOADING]: Loading mod file  with languages []
[02Aug2026 00:38:13.287] [main/DEBUG] [net.minecraftforge.fml.loading.moddiscovery.ModFile/LOADING]: Loading mod file  with languages []
[02Aug2026 00:38:13.287] [main/DEBUG] [net.minecraftforge.fml.loading.moddiscovery.ModFile/LOADING]: Loading mod file  with languages []
[02Aug2026 00:38:13.287] [main/DEBUG] [net.minecraftforge.fml.loading.moddiscovery.ModFile/LOADING]: Loading mod file  with languages []
[02Aug2026 00:38:13.287] [main/DEBUG] [net.minecraftforge.fml.loading.moddiscovery.ModFile/LOADING]: Loading mod file  with languages []
[02Aug2026 00:38:13.287] [main/DEBUG] [net.minecraftforge.fml.loading.moddiscovery.ModFile/LOADING]: Loading mod file  with languages []
[02Aug2026 00:38:13.287] [main/DEBUG] [net.minecraftforge.fml.loading.moddiscovery.ModFile/LOADING]: Loading mod file  with languages []
[02Aug2026 00:38:13.287] [main/DEBUG] [net.minecraftforge.fml.loading.moddiscovery.ModFile/LOADING]: Loading mod file  with languages []
[02Aug2026 00:38:13.288] [main/DEBUG] [net.minecraftforge.fml.loading.moddiscovery.ModFile/LOADING]: Loading mod file  with languages []
[02Aug2026 00:38:13.288] [main/DEBUG] [net.minecraftforge.fml.loading.moddiscovery.ModFile/LOADING]: Loading mod file  with languages []
[02Aug2026 00:38:13.288] [main/DEBUG] [net.minecraftforge.fml.loading.moddiscovery.ModFile/LOADING]: Loading mod file  with languages []
[02Aug2026 00:38:13.288] [main/DEBUG] [net.minecraftforge.fml.loading.moddiscovery.ModFile/LOADING]: Loading mod file  with languages []
[02Aug2026 00:38:13.288] [main/DEBUG] [net.minecraftforge.fml.loading.moddiscovery.ModFile/LOADING]: Loading mod file  with languages []
[02Aug2026 00:38:13.288] [main/DEBUG] [net.minecraftforge.fml.loading.moddiscovery.ModFileParser/LOADING]: Considering mod file candidate 
[02Aug2026 00:38:13.288] [main/DEBUG] [net.minecraftforge.fml.loading.moddiscovery.ModFileInfo/LOADING]: Found valid mod file mixinextras-forge-0.4.1.jar with {mixinextras} mods - versions {0.4.1}
[02Aug2026 00:38:13.288] [main/DEBUG] [net.minecraftforge.fml.loading.moddiscovery.ModFile/LOADING]: Loading mod file  with languages [LanguageSpec[languageName=javafml, acceptedVersions=*]]
[02Aug2026 00:38:13.288] [main/DEBUG] [net.minecraftforge.fml.loading.moddiscovery.ModFile/LOADING]: Loading mod file  with languages []
[02Aug2026 00:38:13.288] [main/DEBUG] [net.minecraftforge.fml.loading.moddiscovery.ModFile/LOADING]: Loading mod file  with languages []
[02Aug2026 00:38:13.289] [main/DEBUG] [net.minecraftforge.fml.loading.moddiscovery.ModFile/LOADING]: Loading mod file  with languages []
[02Aug2026 00:38:13.289] [main/DEBUG] [net.minecraftforge.fml.loading.moddiscovery.ModFile/LOADING]: Loading mod file  with languages []
[02Aug2026 00:38:13.289] [main/DEBUG] [net.minecraftforge.fml.loading.moddiscovery.ModFile/LOADING]: Loading mod file  with languages []
[02Aug2026 00:38:13.289] [main/DEBUG] [net.minecraftforge.fml.loading.moddiscovery.ModFile/LOADING]: Loading mod file  with languages []
[02Aug2026 00:38:13.289] [main/DEBUG] [net.minecraftforge.fml.loading.moddiscovery.ModFile/LOADING]: Loading mod file  with languages []
[02Aug2026 00:38:13.289] [main/DEBUG] [net.minecraftforge.fml.loading.moddiscovery.ModFile/LOADING]: Loading mod file  with languages []
[02Aug2026 00:38:13.289] [main/DEBUG] [net.minecraftforge.fml.loading.moddiscovery.ModFile/LOADING]: Loading mod file  with languages []
[02Aug2026 00:38:13.289] [main/DEBUG] [net.minecraftforge.fml.loading.moddiscovery.ModFile/LOADING]: Loading mod file  with languages []
[02Aug2026 00:38:13.290] [main/DEBUG] [cpw.mods.modlauncher.TransformationServiceDecorator/MODLAUNCHER]: End scan trigger - transformation service fml
[02Aug2026 00:38:13.301] [main/DEBUG] [net.minecraftforge.fml.loading.LanguageLoadingProvider/CORE]: Found 4 language providers
[02Aug2026 00:38:13.302] [main/DEBUG] [net.minecraftforge.fml.loading.LanguageLoadingProvider/CORE]: Found language provider minecraft, version 1.0
[02Aug2026 00:38:13.302] [main/DEBUG] [net.minecraftforge.fml.loading.LanguageLoadingProvider/CORE]: Found language provider kotlinforforge, version 4.12.0
[02Aug2026 00:38:13.302] [main/DEBUG] [net.minecraftforge.fml.loading.LanguageLoadingProvider/CORE]: Found language provider javafml, version 47
[02Aug2026 00:38:13.302] [main/DEBUG] [net.minecraftforge.fml.loading.LanguageLoadingProvider/CORE]: Found language provider lowcodefml, version 47
[02Aug2026 00:38:13.307] [main/DEBUG] [net.minecraftforge.fml.loading.UniqueModListBuilder/]: Found 2 mods for first modid mclib, selecting most recent based on version data
[02Aug2026 00:38:13.307] [main/DEBUG] [net.minecraftforge.fml.loading.UniqueModListBuilder/]: Selected file mclib-20.jar for modid mclib with version 0.0NONE
[02Aug2026 00:38:13.307] [main/DEBUG] [net.minecraftforge.fml.loading.UniqueModListBuilder/]: Found 2 mods for first modid japng, selecting most recent based on version data
[02Aug2026 00:38:13.308] [main/DEBUG] [net.minecraftforge.fml.loading.UniqueModListBuilder/]: Selected file japng-0.5.3.jar for modid japng with version 0.5.3
[02Aug2026 00:38:13.308] [main/DEBUG] [net.minecraftforge.fml.loading.UniqueModListBuilder/]: Found 2 mods for first modid MixinConstraints, selecting most recent based on version data
[02Aug2026 00:38:13.308] [main/DEBUG] [net.minecraftforge.fml.loading.UniqueModListBuilder/]: Selected file mixinconstraints-1.1.0.jar for modid MixinConstraints with version 0.0NONE
[02Aug2026 00:38:13.308] [main/DEBUG] [net.minecraftforge.fml.loading.UniqueModListBuilder/]: Found 2 mods for first modid NanoLiveConfig, selecting most recent based on version data
[02Aug2026 00:38:13.308] [main/DEBUG] [net.minecraftforge.fml.loading.UniqueModListBuilder/]: Selected file NanoLiveConfig-1.2.1.jar for modid NanoLiveConfig with version 0.0NONE
[02Aug2026 00:38:13.308] [main/DEBUG] [net.minecraftforge.fml.loading.UniqueModListBuilder/]: Found 2 mods for first modid mixinextras, selecting most recent based on version data
[02Aug2026 00:38:13.308] [main/DEBUG] [net.minecraftforge.fml.loading.UniqueModListBuilder/]: Selected file mixinextras-forge-0.4.1.jar for modid mixinextras with version 0.4.1
[02Aug2026 00:38:13.308] [main/DEBUG] [net.minecraftforge.fml.loading.UniqueModListBuilder/]: Found 2 mods for first modid space.arim.dazzleconf, selecting most recent based on version data
[02Aug2026 00:38:13.308] [main/DEBUG] [net.minecraftforge.fml.loading.UniqueModListBuilder/]: Selected file dazzleconf-core-1.3.0-M2.jar for modid space.arim.dazzleconf with version 0.0NONE
[02Aug2026 00:38:13.308] [main/DEBUG] [net.minecraftforge.fml.loading.UniqueModListBuilder/]: Found 2 mods for first modid org.yaml.snakeyaml, selecting most recent based on version data
[02Aug2026 00:38:13.308] [main/DEBUG] [net.minecraftforge.fml.loading.UniqueModListBuilder/]: Selected file snakeyaml-2.2.jar for modid org.yaml.snakeyaml with version 0.0NONE
[02Aug2026 00:38:13.308] [main/DEBUG] [net.minecraftforge.fml.loading.UniqueModListBuilder/]: Found 2 mods for first modid jankson, selecting most recent based on version data
[02Aug2026 00:38:13.309] [main/DEBUG] [net.minecraftforge.fml.loading.UniqueModListBuilder/]: Selected file jankson-1.2.3.jar for modid jankson with version 0.0NONE
[02Aug2026 00:38:13.309] [main/DEBUG] [net.minecraftforge.fml.loading.UniqueModListBuilder/]: Found 2 mods for first modid jcpp, selecting most recent based on version data
[02Aug2026 00:38:13.309] [main/DEBUG] [net.minecraftforge.fml.loading.UniqueModListBuilder/]: Selected file jcpp-1.4.14.jar for modid jcpp with version 1.4.14
[02Aug2026 00:38:13.309] [main/DEBUG] [net.minecraftforge.fml.loading.UniqueModListBuilder/]: Found 2 mods for first modid space.arim.dazzleconf.ext.snakeyaml, selecting most recent based on version data
[02Aug2026 00:38:13.309] [main/DEBUG] [net.minecraftforge.fml.loading.UniqueModListBuilder/]: Selected file dazzleconf-ext-snakeyaml-1.3.0-M2.jar for modid space.arim.dazzleconf.ext.snakeyaml with version 0.0NONE
[02Aug2026 00:38:13.309] [main/DEBUG] [net.minecraftforge.fml.loading.UniqueModListBuilder/]: Found 2 mods for first modid thedarkcolour.kotlinforforge.kfflib, selecting most recent based on version data
[02Aug2026 00:38:13.309] [main/DEBUG] [net.minecraftforge.fml.loading.UniqueModListBuilder/]: Selected file kfflib-4.12.0.jar for modid thedarkcolour.kotlinforforge.kfflib with version 4.12.0
[02Aug2026 00:38:13.309] [main/DEBUG] [net.minecraftforge.fml.loading.UniqueModListBuilder/]: Found 2 mods for first modid com.madgag.gif.fmsware, selecting most recent based on version data
[02Aug2026 00:38:13.309] [main/DEBUG] [net.minecraftforge.fml.loading.UniqueModListBuilder/]: Selected file animated-gif-lib-for-java-animated-gif-lib-1.7.jar for modid com.madgag.gif.fmsware with version 0.0NONE
[02Aug2026 00:38:13.309] [main/DEBUG] [net.minecraftforge.fml.loading.UniqueModListBuilder/]: Found 2 mods for first modid MixinExtras, selecting most recent based on version data
[02Aug2026 00:38:13.309] [main/DEBUG] [net.minecraftforge.fml.loading.UniqueModListBuilder/]: Selected file MixinExtras-0.4.1.jar for modid MixinExtras with version 0.0NONE
[02Aug2026 00:38:13.309] [main/DEBUG] [net.minecraftforge.fml.loading.UniqueModListBuilder/]: Found 2 mods for first modid tomlkt.jvm, selecting most recent based on version data
[02Aug2026 00:38:13.310] [main/DEBUG] [net.minecraftforge.fml.loading.UniqueModListBuilder/]: Selected file tomlkt-jvm-0.3.7.jar for modid tomlkt.jvm with version 0.0NONE
[02Aug2026 00:38:13.310] [main/DEBUG] [net.minecraftforge.fml.loading.UniqueModListBuilder/]: Found 2 mods for first modid Reflect, selecting most recent based on version data
[02Aug2026 00:38:13.310] [main/DEBUG] [net.minecraftforge.fml.loading.UniqueModListBuilder/]: Selected file Reflect-1.6.2.jar for modid Reflect with version 0.0NONE
[02Aug2026 00:38:13.311] [main/DEBUG] [net.minecraftforge.fml.loading.ModSorter/]: Configured system mods: [minecraft, forge]
[02Aug2026 00:38:13.311] [main/DEBUG] [net.minecraftforge.fml.loading.ModSorter/]: Found system mod: minecraft
[02Aug2026 00:38:13.311] [main/DEBUG] [net.minecraftforge.fml.loading.ModSorter/]: Found system mod: forge
[02Aug2026 00:38:13.313] [main/DEBUG] [net.minecraftforge.fml.loading.ModSorter/LOADING]: Found 85 mod requirements (73 mandatory, 12 optional)
[02Aug2026 00:38:13.314] [main/DEBUG] [net.minecraftforge.fml.loading.ModSorter/LOADING]: Found 0 mod requirements missing (0 mandatory, 0 optional)
[02Aug2026 00:38:13.975] [main/DEBUG] [cpw.mods.modlauncher.TransformationServicesHandler/MODLAUNCHER]: Transformation services loading transformers
[02Aug2026 00:38:13.975] [main/DEBUG] [cpw.mods.modlauncher.TransformationServiceDecorator/MODLAUNCHER]: Initializing transformers for transformation service mixin
[02Aug2026 00:38:13.976] [main/DEBUG] [cpw.mods.modlauncher.TransformationServiceDecorator/MODLAUNCHER]: Initialized transformers for transformation service mixin
[02Aug2026 00:38:13.976] [main/DEBUG] [cpw.mods.modlauncher.TransformationServiceDecorator/MODLAUNCHER]: Initializing transformers for transformation service fml
[02Aug2026 00:38:13.976] [main/DEBUG] [net.minecraftforge.fml.loading.FMLServiceProvider/CORE]: Loading coremod transformers
[02Aug2026 00:38:13.976] [main/DEBUG] [net.minecraftforge.coremod.CoreModEngine/COREMOD]: Loading CoreMod from coremods/field_to_method.js
[02Aug2026 00:38:14.136] [main/DEBUG] [net.minecraftforge.coremod.CoreModEngine/COREMOD]: CoreMod loaded successfully
[02Aug2026 00:38:14.136] [main/DEBUG] [net.minecraftforge.coremod.CoreModEngine/COREMOD]: Loading CoreMod from coremods/field_to_instanceof.js
[02Aug2026 00:38:14.265] [main/DEBUG] [net.minecraftforge.coremod.CoreModEngine/COREMOD]: CoreMod loaded successfully
[02Aug2026 00:38:14.268] [main/DEBUG] [net.minecraftforge.coremod.CoreModEngine/COREMOD]: Loading CoreMod from coremods/add_bouncer_method.js
[02Aug2026 00:38:14.325] [main/DEBUG] [net.minecraftforge.coremod.CoreModEngine/COREMOD]: CoreMod loaded successfully
[02Aug2026 00:38:14.326] [main/DEBUG] [net.minecraftforge.coremod.CoreModEngine/COREMOD]: Loading CoreMod from coremods/method_redirector.js
[02Aug2026 00:38:14.452] [main/DEBUG] [net.minecraftforge.coremod.CoreModEngine/COREMOD]: CoreMod loaded successfully
[02Aug2026 00:38:14.464] [main/DEBUG] [cpw.mods.modlauncher.TransformStore/MODLAUNCHER]: Adding transformer net.minecraftforge.coremod.transformer.CoreModClassTransformer@798dad3d to Target : CLASS {Lnet/minecraft/world/level/biome/Biome;} {} {V}
[02Aug2026 00:38:14.466] [main/DEBUG] [cpw.mods.modlauncher.TransformStore/MODLAUNCHER]: Adding transformer net.minecraftforge.coremod.transformer.CoreModClassTransformer@3a7e365 to Target : CLASS {Lnet/minecraft/world/level/levelgen/structure/Structure;} {} {V}
[02Aug2026 00:38:14.467] [main/DEBUG] [cpw.mods.modlauncher.TransformStore/MODLAUNCHER]: Adding transformer net.minecraftforge.coremod.transformer.CoreModClassTransformer@2ceee4b6 to Target : CLASS {Lnet/minecraft/world/effect/MobEffectInstance;} {} {V}
[02Aug2026 00:38:14.467] [main/DEBUG] [cpw.mods.modlauncher.TransformStore/MODLAUNCHER]: Adding transformer net.minecraftforge.coremod.transformer.CoreModClassTransformer@12a470dd to Target : CLASS {Lnet/minecraft/world/level/block/LiquidBlock;} {} {V}
[02Aug2026 00:38:14.467] [main/DEBUG] [cpw.mods.modlauncher.TransformStore/MODLAUNCHER]: Adding transformer net.minecraftforge.coremod.transformer.CoreModClassTransformer@6968bcec to Target : CLASS {Lnet/minecraft/world/item/BucketItem;} {} {V}
[02Aug2026 00:38:14.467] [main/DEBUG] [cpw.mods.modlauncher.TransformStore/MODLAUNCHER]: Adding transformer net.minecraftforge.coremod.transformer.CoreModClassTransformer@5568c66f to Target : CLASS {Lnet/minecraft/world/level/block/StairBlock;} {} {V}
[02Aug2026 00:38:14.467] [main/DEBUG] [cpw.mods.modlauncher.TransformStore/MODLAUNCHER]: Adding transformer net.minecraftforge.coremod.transformer.CoreModClassTransformer@e784320 to Target : CLASS {Lnet/minecraft/world/level/block/FlowerPotBlock;} {} {V}
[02Aug2026 00:38:14.468] [main/DEBUG] [cpw.mods.modlauncher.TransformStore/MODLAUNCHER]: Adding transformer net.minecraftforge.coremod.transformer.CoreModClassTransformer@3f6bf8aa to Target : CLASS {Lnet/minecraft/world/item/ItemStack;} {} {V}
[02Aug2026 00:38:14.468] [main/DEBUG] [cpw.mods.modlauncher.TransformStore/MODLAUNCHER]: Adding transformer net.minecraftforge.coremod.transformer.CoreModClassTransformer@13c8ac77 to Target : CLASS {Lnet/minecraft/network/play/client/CClientSettingsPacket;} {} {V}
[02Aug2026 00:38:14.468] [main/DEBUG] [cpw.mods.modlauncher.TransformStore/MODLAUNCHER]: Adding transformer net.minecraftforge.coremod.transformer.CoreModClassTransformer@4bdf to Target : CLASS {Lnet/minecraft/world/entity/monster/Evoker$EvokerSummonSpellGoal;} {} {V}
[02Aug2026 00:38:14.468] [main/DEBUG] [cpw.mods.modlauncher.TransformStore/MODLAUNCHER]: Adding transformer net.minecraftforge.coremod.transformer.CoreModClassTransformer@4bdf to Target : CLASS {Lnet/minecraft/world/entity/monster/Spider;} {} {V}
[02Aug2026 00:38:14.469] [main/DEBUG] [cpw.mods.modlauncher.TransformStore/MODLAUNCHER]: Adding transformer net.minecraftforge.coremod.transformer.CoreModClassTransformer@4bdf to Target : CLASS {Lnet/minecraft/world/level/levelgen/PhantomSpawner;} {} {V}
[02Aug2026 00:38:14.469] [main/DEBUG] [cpw.mods.modlauncher.TransformStore/MODLAUNCHER]: Adding transformer net.minecraftforge.coremod.transformer.CoreModClassTransformer@4bdf to Target : CLASS {Lnet/minecraft/world/level/levelgen/structure/structures/SwampHutPiece;} {} {V}
[02Aug2026 00:38:14.469] [main/DEBUG] [cpw.mods.modlauncher.TransformStore/MODLAUNCHER]: Adding transformer net.minecraftforge.coremod.transformer.CoreModClassTransformer@4bdf to Target : CLASS {Lnet/minecraft/world/entity/raid/Raid;} {} {V}
[02Aug2026 00:38:14.469] [main/DEBUG] [cpw.mods.modlauncher.TransformStore/MODLAUNCHER]: Adding transformer net.minecraftforge.coremod.transformer.CoreModClassTransformer@4bdf to Target : CLASS {Lnet/minecraft/world/level/levelgen/structure/structures/OceanMonumentPieces$OceanMonumentPiece;} {} {V}
[02Aug2026 00:38:14.469] [main/DEBUG] [cpw.mods.modlauncher.TransformStore/MODLAUNCHER]: Adding transformer net.minecraftforge.coremod.transformer.CoreModClassTransformer@4bdf to Target : CLASS {Lnet/minecraft/world/entity/monster/Zombie;} {} {V}
[02Aug2026 00:38:14.469] [main/DEBUG] [cpw.mods.modlauncher.TransformStore/MODLAUNCHER]: Adding transformer net.minecraftforge.coremod.transformer.CoreModClassTransformer@4bdf to Target : CLASS {Lnet/minecraft/world/level/NaturalSpawner;} {} {V}
[02Aug2026 00:38:14.469] [main/DEBUG] [cpw.mods.modlauncher.TransformStore/MODLAUNCHER]: Adding transformer net.minecraftforge.coremod.transformer.CoreModClassTransformer@4bdf to Target : CLASS {Lnet/minecraft/world/entity/animal/frog/Tadpole;} {} {V}
[02Aug2026 00:38:14.470] [main/DEBUG] [cpw.mods.modlauncher.TransformStore/MODLAUNCHER]: Adding transformer net.minecraftforge.coremod.transformer.CoreModClassTransformer@4bdf to Target : CLASS {Lnet/minecraft/world/level/levelgen/PatrolSpawner;} {} {V}
[02Aug2026 00:38:14.471] [main/DEBUG] [cpw.mods.modlauncher.TransformStore/MODLAUNCHER]: Adding transformer net.minecraftforge.coremod.transformer.CoreModClassTransformer@4bdf to Target : CLASS {Lnet/minecraft/world/level/levelgen/structure/templatesystem/StructureTemplate;} {} {V}
[02Aug2026 00:38:14.471] [main/DEBUG] [cpw.mods.modlauncher.TransformStore/MODLAUNCHER]: Adding transformer net.minecraftforge.coremod.transformer.CoreModClassTransformer@4bdf to Target : CLASS {Lnet/minecraft/world/level/levelgen/structure/structures/OceanRuinPieces$OceanRuinPiece;} {} {V}
[02Aug2026 00:38:14.471] [main/DEBUG] [cpw.mods.modlauncher.TransformStore/MODLAUNCHER]: Adding transformer net.minecraftforge.coremod.transformer.CoreModClassTransformer@4bdf to Target : CLASS {Lnet/minecraft/world/entity/EntityType;} {} {V}
[02Aug2026 00:38:14.471] [main/DEBUG] [cpw.mods.modlauncher.TransformStore/MODLAUNCHER]: Adding transformer net.minecraftforge.coremod.transformer.CoreModClassTransformer@4bdf to Target : CLASS {Lnet/minecraft/world/entity/monster/Strider;} {} {V}
[02Aug2026 00:38:14.471] [main/DEBUG] [cpw.mods.modlauncher.TransformStore/MODLAUNCHER]: Adding transformer net.minecraftforge.coremod.transformer.CoreModClassTransformer@4bdf to Target : CLASS {Lnet/minecraft/world/entity/monster/ZombieVillager;} {} {V}
[02Aug2026 00:38:14.471] [main/DEBUG] [cpw.mods.modlauncher.TransformStore/MODLAUNCHER]: Adding transformer net.minecraftforge.coremod.transformer.CoreModClassTransformer@4bdf to Target : CLASS {Lnet/minecraft/world/entity/npc/CatSpawner;} {} {V}
[02Aug2026 00:38:14.471] [main/DEBUG] [cpw.mods.modlauncher.TransformStore/MODLAUNCHER]: Adding transformer net.minecraftforge.coremod.transformer.CoreModClassTransformer@4bdf to Target : CLASS {Lnet/minecraft/world/entity/npc/Villager;} {} {V}
[02Aug2026 00:38:14.471] [main/DEBUG] [cpw.mods.modlauncher.TransformStore/MODLAUNCHER]: Adding transformer net.minecraftforge.coremod.transformer.CoreModClassTransformer@4bdf to Target : CLASS {Lnet/minecraft/world/entity/ai/village/VillageSiege;} {} {V}
[02Aug2026 00:38:14.471] [main/DEBUG] [cpw.mods.modlauncher.TransformStore/MODLAUNCHER]: Adding transformer net.minecraftforge.coremod.transformer.CoreModClassTransformer@4bdf to Target : CLASS {Lnet/minecraft/server/commands/SummonCommand;} {} {V}
[02Aug2026 00:38:14.471] [main/DEBUG] [cpw.mods.modlauncher.TransformStore/MODLAUNCHER]: Adding transformer net.minecraftforge.coremod.transformer.CoreModClassTransformer@4bdf to Target : CLASS {Lnet/minecraft/server/commands/RaidCommand;} {} {V}
[02Aug2026 00:38:14.471] [main/DEBUG] [cpw.mods.modlauncher.TransformStore/MODLAUNCHER]: Adding transformer net.minecraftforge.coremod.transformer.CoreModClassTransformer@4bdf to Target : CLASS {Lnet/minecraft/world/entity/animal/horse/SkeletonTrapGoal;} {} {V}
[02Aug2026 00:38:14.471] [main/DEBUG] [cpw.mods.modlauncher.TransformStore/MODLAUNCHER]: Adding transformer net.minecraftforge.coremod.transformer.CoreModClassTransformer@4bdf to Target : CLASS {Lnet/minecraft/world/level/levelgen/structure/structures/WoodlandMansionPieces$WoodlandMansionPiece;} {} {V}
[02Aug2026 00:38:14.472] [main/DEBUG] [cpw.mods.modlauncher.TransformationServiceDecorator/MODLAUNCHER]: Initialized transformers for transformation service fml
[02Aug2026 00:38:16.131] [main/DEBUG] [mixin/]: Processing prepare() for PlatformAgent[MixinPlatformAgentDefault:ModLauncher Root Container(ModLauncher:4f56a0a2)]
[02Aug2026 00:38:16.131] [main/DEBUG] [mixin/]: Processing launch tasks for PlatformAgent[MixinPlatformAgentDefault:ModLauncher Root Container(ModLauncher:4f56a0a2)]
[02Aug2026 00:38:16.132] [main/DEBUG] [mixin/]: Adding mixin platform agents for container SecureJarResource(weaponmaster_ydm)
[02Aug2026 00:38:16.132] [main/DEBUG] [mixin/]: Instancing new MixinPlatformAgentMinecraftForge for SecureJarResource(weaponmaster_ydm)
[02Aug2026 00:38:16.132] [main/DEBUG] [mixin/]: MixinPlatformAgentMinecraftForge rejected container SecureJarResource(weaponmaster_ydm)
[02Aug2026 00:38:16.132] [main/DEBUG] [mixin/]: Instancing new MixinPlatformAgentDefault for SecureJarResource(weaponmaster_ydm)
[02Aug2026 00:38:16.132] [main/DEBUG] [mixin/]: MixinPlatformAgentDefault accepted container SecureJarResource(weaponmaster_ydm)
[02Aug2026 00:38:16.132] [main/DEBUG] [mixin/]: Processing prepare() for PlatformAgent[MixinPlatformAgentDefault:SecureJarResource(weaponmaster_ydm)]
[02Aug2026 00:38:16.132] [main/DEBUG] [mixin/]: Registering mixin config: weaponmaster_ydm.mixins.json
[02Aug2026 00:38:16.158] [main/DEBUG] [mixin/]: Compatibility level JAVA_8 specified by weaponmaster_ydm.mixins.json is lower than the default level supported by the current mixin service (JAVA_16).
[02Aug2026 00:38:16.161] [main/DEBUG] [mixin/]: Adding mixin platform agents for container SecureJarResource(bhmenu)
[02Aug2026 00:38:16.161] [main/DEBUG] [mixin/]: Instancing new MixinPlatformAgentMinecraftForge for SecureJarResource(bhmenu)
[02Aug2026 00:38:16.163] [main/DEBUG] [mixin/]: MixinPlatformAgentMinecraftForge rejected container SecureJarResource(bhmenu)
[02Aug2026 00:38:16.163] [main/DEBUG] [mixin/]: Instancing new MixinPlatformAgentDefault for SecureJarResource(bhmenu)
[02Aug2026 00:38:16.163] [main/DEBUG] [mixin/]: MixinPlatformAgentDefault accepted container SecureJarResource(bhmenu)
[02Aug2026 00:38:16.163] [main/DEBUG] [mixin/]: Processing prepare() for PlatformAgent[MixinPlatformAgentDefault:SecureJarResource(bhmenu)]
[02Aug2026 00:38:16.163] [main/DEBUG] [mixin/]: Registering mixin config: bhmenu.mixins.json
[02Aug2026 00:38:16.166] [main/DEBUG] [mixin/]: Adding mixin platform agents for container SecureJarResource(doubledoors)
[02Aug2026 00:38:16.168] [main/DEBUG] [mixin/]: Instancing new MixinPlatformAgentMinecraftForge for SecureJarResource(doubledoors)
[02Aug2026 00:38:16.169] [main/DEBUG] [mixin/]: MixinPlatformAgentMinecraftForge rejected container SecureJarResource(doubledoors)
[02Aug2026 00:38:16.170] [main/DEBUG] [mixin/]: Instancing new MixinPlatformAgentDefault for SecureJarResource(doubledoors)
[02Aug2026 00:38:16.170] [main/DEBUG] [mixin/]: MixinPlatformAgentDefault accepted container SecureJarResource(doubledoors)
[02Aug2026 00:38:16.170] [main/DEBUG] [mixin/]: Processing prepare() for PlatformAgent[MixinPlatformAgentDefault:SecureJarResource(doubledoors)]
[02Aug2026 00:38:16.170] [main/DEBUG] [mixin/]: Registering mixin config: doubledoors_forge.mixins.json
[02Aug2026 00:38:16.173] [main/DEBUG] [mixin/]: Compatibility level JAVA_17 specified by doubledoors_forge.mixins.json is higher than the maximum level supported by this version of mixin (JAVA_13).
[02Aug2026 00:38:16.178] [main/INFO] [mixin/]: Compatibility level set to JAVA_17
[02Aug2026 00:38:16.179] [main/DEBUG] [mixin/]: Adding mixin platform agents for container SecureJarResource(kuma_api)
[02Aug2026 00:38:16.181] [main/DEBUG] [mixin/]: Instancing new MixinPlatformAgentMinecraftForge for SecureJarResource(kuma_api)
[02Aug2026 00:38:16.181] [main/DEBUG] [mixin/]: MixinPlatformAgentMinecraftForge rejected container SecureJarResource(kuma_api)
[02Aug2026 00:38:16.181] [main/DEBUG] [mixin/]: Instancing new MixinPlatformAgentDefault for SecureJarResource(kuma_api)
[02Aug2026 00:38:16.181] [main/DEBUG] [mixin/]: MixinPlatformAgentDefault accepted container SecureJarResource(kuma_api)
[02Aug2026 00:38:16.181] [main/DEBUG] [mixin/]: Processing prepare() for PlatformAgent[MixinPlatformAgentDefault:SecureJarResource(kuma_api)]
[02Aug2026 00:38:16.181] [main/DEBUG] [mixin/]: Registering mixin config: kuma_api.mixins.json
[02Aug2026 00:38:16.185] [main/DEBUG] [mixin/]: Registering mixin config: kuma_api.forge.mixins.json
[02Aug2026 00:38:16.190] [main/DEBUG] [mixin/]: Adding mixin platform agents for container SecureJarResource(fastload)
[02Aug2026 00:38:16.191] [main/DEBUG] [mixin/]: Instancing new MixinPlatformAgentMinecraftForge for SecureJarResource(fastload)
[02Aug2026 00:38:16.192] [main/DEBUG] [mixin/]: MixinPlatformAgentMinecraftForge rejected container SecureJarResource(fastload)
[02Aug2026 00:38:16.192] [main/DEBUG] [mixin/]: Instancing new MixinPlatformAgentDefault for SecureJarResource(fastload)
[02Aug2026 00:38:16.192] [main/DEBUG] [mixin/]: MixinPlatformAgentDefault accepted container SecureJarResource(fastload)
[02Aug2026 00:38:16.192] [main/DEBUG] [mixin/]: Processing prepare() for PlatformAgent[MixinPlatformAgentDefault:SecureJarResource(fastload)]
[02Aug2026 00:38:16.192] [main/DEBUG] [mixin/]: Registering mixin config: fastload.mixins.json
[02Aug2026 00:38:16.194] [main/DEBUG] [mixin/]: Adding mixin platform agents for container SecureJarResource(pamhc2trees)
[02Aug2026 00:38:16.194] [main/DEBUG] [mixin/]: Instancing new MixinPlatformAgentMinecraftForge for SecureJarResource(pamhc2trees)
[02Aug2026 00:38:16.195] [main/DEBUG] [mixin/]: MixinPlatformAgentMinecraftForge rejected container SecureJarResource(pamhc2trees)
[02Aug2026 00:38:16.195] [main/DEBUG] [mixin/]: Instancing new MixinPlatformAgentDefault for SecureJarResource(pamhc2trees)
[02Aug2026 00:38:16.195] [main/DEBUG] [mixin/]: MixinPlatformAgentDefault accepted container SecureJarResource(pamhc2trees)
[02Aug2026 00:38:16.196] [main/DEBUG] [mixin/]: Processing prepare() for PlatformAgent[MixinPlatformAgentDefault:SecureJarResource(pamhc2trees)]
[02Aug2026 00:38:16.196] [main/DEBUG] [mixin/]: Adding mixin platform agents for container SecureJarResource(geckolib)
[02Aug2026 00:38:16.196] [main/DEBUG] [mixin/]: Instancing new MixinPlatformAgentMinecraftForge for SecureJarResource(geckolib)
[02Aug2026 00:38:16.196] [main/DEBUG] [mixin/]: MixinPlatformAgentMinecraftForge rejected container SecureJarResource(geckolib)
[02Aug2026 00:38:16.197] [main/DEBUG] [mixin/]: Instancing new MixinPlatformAgentDefault for SecureJarResource(geckolib)
[02Aug2026 00:38:16.197] [main/DEBUG] [mixin/]: MixinPlatformAgentDefault accepted container SecureJarResource(geckolib)
[02Aug2026 00:38:16.197] [main/DEBUG] [mixin/]: Processing prepare() for PlatformAgent[MixinPlatformAgentDefault:SecureJarResource(geckolib)]
[02Aug2026 00:38:16.197] [main/DEBUG] [mixin/]: Registering mixin config: geckolib.mixins.json
[02Aug2026 00:38:16.199] [main/DEBUG] [mixin/]: Adding mixin platform agents for container SecureJarResource(playeranimator)
[02Aug2026 00:38:16.199] [main/DEBUG] [mixin/]: Instancing new MixinPlatformAgentMinecraftForge for SecureJarResource(playeranimator)
[02Aug2026 00:38:16.200] [main/DEBUG] [mixin/]: MixinPlatformAgentMinecraftForge rejected container SecureJarResource(playeranimator)
[02Aug2026 00:38:16.200] [main/DEBUG] [mixin/]: Instancing new MixinPlatformAgentDefault for SecureJarResource(playeranimator)
[02Aug2026 00:38:16.200] [main/DEBUG] [mixin/]: MixinPlatformAgentDefault accepted container SecureJarResource(playeranimator)
[02Aug2026 00:38:16.200] [main/DEBUG] [mixin/]: Processing prepare() for PlatformAgent[MixinPlatformAgentDefault:SecureJarResource(playeranimator)]
[02Aug2026 00:38:16.200] [main/DEBUG] [mixin/]: Registering mixin config: playerAnimator-common.mixins.json
[02Aug2026 00:38:16.205] [main/DEBUG] [mixin/]: Compatibility level JAVA_16 specified by playerAnimator-common.mixins.json is higher than the maximum level supported by this version of mixin (JAVA_13).
[02Aug2026 00:38:16.207] [main/DEBUG] [mixin/]: Adding mixin platform agents for container SecureJarResource(lithostitched)
[02Aug2026 00:38:16.208] [main/DEBUG] [mixin/]: Instancing new MixinPlatformAgentMinecraftForge for SecureJarResource(lithostitched)
[02Aug2026 00:38:16.208] [main/DEBUG] [mixin/]: MixinPlatformAgentMinecraftForge rejected container SecureJarResource(lithostitched)
[02Aug2026 00:38:16.208] [main/DEBUG] [mixin/]: Instancing new MixinPlatformAgentDefault for SecureJarResource(lithostitched)
[02Aug2026 00:38:16.208] [main/DEBUG] [mixin/]: MixinPlatformAgentDefault accepted container SecureJarResource(lithostitched)
[02Aug2026 00:38:16.208] [main/DEBUG] [mixin/]: Processing prepare() for PlatformAgent[MixinPlatformAgentDefault:SecureJarResource(lithostitched)]
[02Aug2026 00:38:16.209] [main/DEBUG] [mixin/]: Registering mixin config: lithostitched.mixins.json
[02Aug2026 00:38:16.211] [main/DEBUG] [mixin/]: Registering mixin config: lithostitched.forge.mixins.json
[02Aug2026 00:38:16.216] [main/DEBUG] [mixin/]: Adding mixin platform agents for container SecureJarResource(subtle_effects)
[02Aug2026 00:38:16.216] [main/DEBUG] [mixin/]: Instancing new MixinPlatformAgentMinecraftForge for SecureJarResource(subtle_effects)
[02Aug2026 00:38:16.216] [main/DEBUG] [mixin/]: MixinPlatformAgentMinecraftForge rejected container SecureJarResource(subtle_effects)
[02Aug2026 00:38:16.216] [main/DEBUG] [mixin/]: Instancing new MixinPlatformAgentDefault for SecureJarResource(subtle_effects)
[02Aug2026 00:38:16.216] [main/DEBUG] [mixin/]: MixinPlatformAgentDefault accepted container SecureJarResource(subtle_effects)
[02Aug2026 00:38:16.216] [main/DEBUG] [mixin/]: Processing prepare() for PlatformAgent[MixinPlatformAgentDefault:SecureJarResource(subtle_effects)]
[02Aug2026 00:38:16.217] [main/DEBUG] [mixin/]: Registering mixin config: subtle_effects.mixins.json
[02Aug2026 00:38:16.219] [main/DEBUG] [mixin/]: Registering mixin config: subtle_effects.forge.mixins.json
[02Aug2026 00:38:16.222] [main/DEBUG] [mixin/]: Adding mixin platform agents for container SecureJarResource(dynamiclights)
[02Aug2026 00:38:16.223] [main/DEBUG] [mixin/]: Instancing new MixinPlatformAgentMinecraftForge for SecureJarResource(dynamiclights)
[02Aug2026 00:38:16.224] [main/DEBUG] [mixin/]: MixinPlatformAgentMinecraftForge rejected container SecureJarResource(dynamiclights)
[02Aug2026 00:38:16.224] [main/DEBUG] [mixin/]: Instancing new MixinPlatformAgentDefault for SecureJarResource(dynamiclights)
[02Aug2026 00:38:16.224] [main/DEBUG] [mixin/]: MixinPlatformAgentDefault accepted container SecureJarResource(dynamiclights)
[02Aug2026 00:38:16.225] [main/DEBUG] [mixin/]: Processing prepare() for PlatformAgent[MixinPlatformAgentDefault:SecureJarResource(dynamiclights)]
[02Aug2026 00:38:16.225] [main/DEBUG] [mixin/]: Adding mixin platform agents for container SecureJarResource(paxi)
[02Aug2026 00:38:16.225] [main/DEBUG] [mixin/]: Instancing new MixinPlatformAgentMinecraftForge for SecureJarResource(paxi)
[02Aug2026 00:38:16.226] [main/DEBUG] [mixin/]: MixinPlatformAgentMinecraftForge rejected container SecureJarResource(paxi)
[02Aug2026 00:38:16.226] [main/DEBUG] [mixin/]: Instancing new MixinPlatformAgentDefault for SecureJarResource(paxi)
[02Aug2026 00:38:16.226] [main/DEBUG] [mixin/]: MixinPlatformAgentDefault accepted container SecureJarResource(paxi)
[02Aug2026 00:38:16.226] [main/DEBUG] [mixin/]: Processing prepare() for PlatformAgent[MixinPlatformAgentDefault:SecureJarResource(paxi)]
[02Aug2026 00:38:16.226] [main/DEBUG] [mixin/]: Registering mixin config: paxi.mixins.json
[02Aug2026 00:38:16.228] [main/DEBUG] [mixin/]: Registering mixin config: paxi_forge.mixins.json
[02Aug2026 00:38:16.231] [main/DEBUG] [mixin/]: Adding mixin platform agents for container SecureJarResource(nochatrestrictions)
[02Aug2026 00:38:16.232] [main/DEBUG] [mixin/]: Instancing new MixinPlatformAgentMinecraftForge for SecureJarResource(nochatrestrictions)
[02Aug2026 00:38:16.232] [main/DEBUG] [mixin/]: MixinPlatformAgentMinecraftForge rejected container SecureJarResource(nochatrestrictions)
[02Aug2026 00:38:16.232] [main/DEBUG] [mixin/]: Instancing new MixinPlatformAgentDefault for SecureJarResource(nochatrestrictions)
[02Aug2026 00:38:16.233] [main/DEBUG] [mixin/]: MixinPlatformAgentDefault accepted container SecureJarResource(nochatrestrictions)
[02Aug2026 00:38:16.233] [main/DEBUG] [mixin/]: Processing prepare() for PlatformAgent[MixinPlatformAgentDefault:SecureJarResource(nochatrestrictions)]
[02Aug2026 00:38:16.233] [main/DEBUG] [mixin/]: Registering mixin config: nochatrestrictions.mixins.json
[02Aug2026 00:38:16.236] [main/DEBUG] [mixin/]: Adding mixin platform agents for container SecureJarResource(waystones)
[02Aug2026 00:38:16.239] [main/DEBUG] [mixin/]: Instancing new MixinPlatformAgentMinecraftForge for SecureJarResource(waystones)
[02Aug2026 00:38:16.240] [main/DEBUG] [mixin/]: MixinPlatformAgentMinecraftForge rejected container SecureJarResource(waystones)
[02Aug2026 00:38:16.242] [main/DEBUG] [mixin/]: Instancing new MixinPlatformAgentDefault for SecureJarResource(waystones)
[02Aug2026 00:38:16.242] [main/DEBUG] [mixin/]: MixinPlatformAgentDefault accepted container SecureJarResource(waystones)
[02Aug2026 00:38:16.242] [main/DEBUG] [mixin/]: Processing prepare() for PlatformAgent[MixinPlatformAgentDefault:SecureJarResource(waystones)]
[02Aug2026 00:38:16.242] [main/DEBUG] [mixin/]: Registering mixin config: waystones.mixins.json
[02Aug2026 00:38:16.246] [main/DEBUG] [mixin/]: Adding mixin platform agents for container SecureJarResource(modernfix)
[02Aug2026 00:38:16.246] [main/DEBUG] [mixin/]: Instancing new MixinPlatformAgentMinecraftForge for SecureJarResource(modernfix)
[02Aug2026 00:38:16.247] [main/DEBUG] [mixin/]: MixinPlatformAgentMinecraftForge rejected container SecureJarResource(modernfix)
[02Aug2026 00:38:16.248] [main/DEBUG] [mixin/]: Instancing new MixinPlatformAgentDefault for SecureJarResource(modernfix)
[02Aug2026 00:38:16.248] [main/DEBUG] [mixin/]: MixinPlatformAgentDefault accepted container SecureJarResource(modernfix)
[02Aug2026 00:38:16.248] [main/DEBUG] [mixin/]: Processing prepare() for PlatformAgent[MixinPlatformAgentDefault:SecureJarResource(modernfix)]
[02Aug2026 00:38:16.248] [main/DEBUG] [mixin/]: Registering mixin config: modernfix-modernfix.mixins.json
[02Aug2026 00:38:16.251] [main/DEBUG] [mixin/]: Adding mixin platform agents for container SecureJarResource(citadel)
[02Aug2026 00:38:16.253] [main/DEBUG] [mixin/]: Instancing new MixinPlatformAgentMinecraftForge for SecureJarResource(citadel)
[02Aug2026 00:38:16.254] [main/DEBUG] [mixin/]: MixinPlatformAgentMinecraftForge rejected container SecureJarResource(citadel)
[02Aug2026 00:38:16.254] [main/DEBUG] [mixin/]: Instancing new MixinPlatformAgentDefault for SecureJarResource(citadel)
[02Aug2026 00:38:16.254] [main/DEBUG] [mixin/]: MixinPlatformAgentDefault accepted container SecureJarResource(citadel)
[02Aug2026 00:38:16.254] [main/DEBUG] [mixin/]: Processing prepare() for PlatformAgent[MixinPlatformAgentDefault:SecureJarResource(citadel)]
[02Aug2026 00:38:16.254] [main/DEBUG] [mixin/]: Registering mixin config: citadel.mixins.json
[02Aug2026 00:38:16.257] [main/DEBUG] [mixin/]: Adding mixin platform agents for container SecureJarResource(alexsmobs)
[02Aug2026 00:38:16.257] [main/DEBUG] [mixin/]: Instancing new MixinPlatformAgentMinecraftForge for SecureJarResource(alexsmobs)
[02Aug2026 00:38:16.257] [main/DEBUG] [mixin/]: MixinPlatformAgentMinecraftForge rejected container SecureJarResource(alexsmobs)
[02Aug2026 00:38:16.258] [main/DEBUG] [mixin/]: Instancing new MixinPlatformAgentDefault for SecureJarResource(alexsmobs)
[02Aug2026 00:38:16.258] [main/DEBUG] [mixin/]: MixinPlatformAgentDefault accepted container SecureJarResource(alexsmobs)
[02Aug2026 00:38:16.258] [main/DEBUG] [mixin/]: Processing prepare() for PlatformAgent[MixinPlatformAgentDefault:SecureJarResource(alexsmobs)]
[02Aug2026 00:38:16.258] [main/DEBUG] [mixin/]: Registering mixin config: citadel.mixins.json
[02Aug2026 00:38:16.259] [main/DEBUG] [mixin/]: Adding mixin platform agents for container SecureJarResource(travelersbackpack)
[02Aug2026 00:38:16.259] [main/DEBUG] [mixin/]: Instancing new MixinPlatformAgentMinecraftForge for SecureJarResource(travelersbackpack)
[02Aug2026 00:38:16.259] [main/DEBUG] [mixin/]: MixinPlatformAgentMinecraftForge rejected container SecureJarResource(travelersbackpack)
[02Aug2026 00:38:16.259] [main/DEBUG] [mixin/]: Instancing new MixinPlatformAgentDefault for SecureJarResource(travelersbackpack)
[02Aug2026 00:38:16.259] [main/DEBUG] [mixin/]: MixinPlatformAgentDefault accepted container SecureJarResource(travelersbackpack)
[02Aug2026 00:38:16.259] [main/DEBUG] [mixin/]: Processing prepare() for PlatformAgent[MixinPlatformAgentDefault:SecureJarResource(travelersbackpack)]
[02Aug2026 00:38:16.259] [main/DEBUG] [mixin/]: Registering mixin config: mixins.travelersbackpack.json
[02Aug2026 00:38:16.261] [main/DEBUG] [mixin/]: Adding mixin platform agents for container SecureJarResource(yungsapi)
[02Aug2026 00:38:16.261] [main/DEBUG] [mixin/]: Instancing new MixinPlatformAgentMinecraftForge for SecureJarResource(yungsapi)
[02Aug2026 00:38:16.261] [main/DEBUG] [mixin/]: MixinPlatformAgentMinecraftForge rejected container SecureJarResource(yungsapi)
[02Aug2026 00:38:16.261] [main/DEBUG] [mixin/]: Instancing new MixinPlatformAgentDefault for SecureJarResource(yungsapi)
[02Aug2026 00:38:16.261] [main/DEBUG] [mixin/]: MixinPlatformAgentDefault accepted container SecureJarResource(yungsapi)
[02Aug2026 00:38:16.261] [main/DEBUG] [mixin/]: Processing prepare() for PlatformAgent[MixinPlatformAgentDefault:SecureJarResource(yungsapi)]
[02Aug2026 00:38:16.264] [main/DEBUG] [mixin/]: Registering mixin config: yungsapi.mixins.json
[02Aug2026 00:38:16.265] [main/DEBUG] [mixin/]: Registering mixin config: yungsapi_forge.mixins.json
[02Aug2026 00:38:16.270] [main/DEBUG] [mixin/]: Adding mixin platform agents for container SecureJarResource(mixinextras)
[02Aug2026 00:38:16.270] [main/DEBUG] [mixin/]: Instancing new MixinPlatformAgentMinecraftForge for SecureJarResource(mixinextras)
[02Aug2026 00:38:16.270] [main/DEBUG] [mixin/]: MixinPlatformAgentMinecraftForge rejected container SecureJarResource(mixinextras)
[02Aug2026 00:38:16.270] [main/DEBUG] [mixin/]: Instancing new MixinPlatformAgentDefault for SecureJarResource(mixinextras)
[02Aug2026 00:38:16.271] [main/DEBUG] [mixin/]: MixinPlatformAgentDefault accepted container SecureJarResource(mixinextras)
[02Aug2026 00:38:16.271] [main/DEBUG] [mixin/]: Processing prepare() for PlatformAgent[MixinPlatformAgentDefault:SecureJarResource(mixinextras)]
[02Aug2026 00:38:16.271] [main/DEBUG] [mixin/]: Registering mixin config: mixinextras.init.mixins.json
[02Aug2026 00:38:16.272] [main/DEBUG] [mixin/]: Adding mixin platform agents for container SecureJarResource(myserveriscompatible)
[02Aug2026 00:38:16.272] [main/DEBUG] [mixin/]: Instancing new MixinPlatformAgentMinecraftForge for SecureJarResource(myserveriscompatible)
[02Aug2026 00:38:16.272] [main/DEBUG] [mixin/]: MixinPlatformAgentMinecraftForge rejected container SecureJarResource(myserveriscompatible)
[02Aug2026 00:38:16.272] [main/DEBUG] [mixin/]: Instancing new MixinPlatformAgentDefault for SecureJarResource(myserveriscompatible)
[02Aug2026 00:38:16.272] [main/DEBUG] [mixin/]: MixinPlatformAgentDefault accepted container SecureJarResource(myserveriscompatible)
[02Aug2026 00:38:16.272] [main/DEBUG] [mixin/]: Processing prepare() for PlatformAgent[MixinPlatformAgentDefault:SecureJarResource(myserveriscompatible)]
[02Aug2026 00:38:16.273] [main/DEBUG] [mixin/]: Registering mixin config: myserveriscompatible.mixins.json
[02Aug2026 00:38:16.277] [main/DEBUG] [mixin/]: Adding mixin platform agents for container SecureJarResource(starlight)
[02Aug2026 00:38:16.277] [main/DEBUG] [mixin/]: Instancing new MixinPlatformAgentMinecraftForge for SecureJarResource(starlight)
[02Aug2026 00:38:16.277] [main/DEBUG] [mixin/]: MixinPlatformAgentMinecraftForge rejected container SecureJarResource(starlight)
[02Aug2026 00:38:16.277] [main/DEBUG] [mixin/]: Instancing new MixinPlatformAgentDefault for SecureJarResource(starlight)
[02Aug2026 00:38:16.277] [main/DEBUG] [mixin/]: MixinPlatformAgentDefault accepted container SecureJarResource(starlight)
[02Aug2026 00:38:16.277] [main/DEBUG] [mixin/]: Processing prepare() for PlatformAgent[MixinPlatformAgentDefault:SecureJarResource(starlight)]
[02Aug2026 00:38:16.277] [main/DEBUG] [mixin/]: Registering mixin config: starlight.mixins.json
[02Aug2026 00:38:16.279] [main/DEBUG] [mixin/]: Adding mixin platform agents for container SecureJarResource(explorerscompass)
[02Aug2026 00:38:16.281] [main/DEBUG] [mixin/]: Instancing new MixinPlatformAgentMinecraftForge for SecureJarResource(explorerscompass)
[02Aug2026 00:38:16.281] [main/DEBUG] [mixin/]: MixinPlatformAgentMinecraftForge rejected container SecureJarResource(explorerscompass)
[02Aug2026 00:38:16.281] [main/DEBUG] [mixin/]: Instancing new MixinPlatformAgentDefault for SecureJarResource(explorerscompass)
[02Aug2026 00:38:16.281] [main/DEBUG] [mixin/]: MixinPlatformAgentDefault accepted container SecureJarResource(explorerscompass)
[02Aug2026 00:38:16.281] [main/DEBUG] [mixin/]: Processing prepare() for PlatformAgent[MixinPlatformAgentDefault:SecureJarResource(explorerscompass)]
[02Aug2026 00:38:16.281] [main/DEBUG] [mixin/]: Adding mixin platform agents for container SecureJarResource(balm)
[02Aug2026 00:38:16.281] [main/DEBUG] [mixin/]: Instancing new MixinPlatformAgentMinecraftForge for SecureJarResource(balm)
[02Aug2026 00:38:16.281] [main/DEBUG] [mixin/]: MixinPlatformAgentMinecraftForge rejected container SecureJarResource(balm)
[02Aug2026 00:38:16.281] [main/DEBUG] [mixin/]: Instancing new MixinPlatformAgentDefault for SecureJarResource(balm)
[02Aug2026 00:38:16.281] [main/DEBUG] [mixin/]: MixinPlatformAgentDefault accepted container SecureJarResource(balm)
[02Aug2026 00:38:16.281] [main/DEBUG] [mixin/]: Processing prepare() for PlatformAgent[MixinPlatformAgentDefault:SecureJarResource(balm)]
[02Aug2026 00:38:16.282] [main/DEBUG] [mixin/]: Registering mixin config: balm.mixins.json
[02Aug2026 00:38:16.283] [main/DEBUG] [mixin/]: Adding mixin platform agents for container SecureJarResource(melody)
[02Aug2026 00:38:16.285] [main/DEBUG] [mixin/]: Instancing new MixinPlatformAgentMinecraftForge for SecureJarResource(melody)
[02Aug2026 00:38:16.286] [main/DEBUG] [mixin/]: MixinPlatformAgentMinecraftForge rejected container SecureJarResource(melody)
[02Aug2026 00:38:16.286] [main/DEBUG] [mixin/]: Instancing new MixinPlatformAgentDefault for SecureJarResource(melody)
[02Aug2026 00:38:16.286] [main/DEBUG] [mixin/]: MixinPlatformAgentDefault accepted container SecureJarResource(melody)
[02Aug2026 00:38:16.286] [main/DEBUG] [mixin/]: Processing prepare() for PlatformAgent[MixinPlatformAgentDefault:SecureJarResource(melody)]
[02Aug2026 00:38:16.286] [main/DEBUG] [mixin/]: Registering mixin config: melody.mixins.json
[02Aug2026 00:38:16.289] [main/DEBUG] [mixin/]: Registering mixin config: melody.forge.mixins.json
[02Aug2026 00:38:16.291] [main/DEBUG] [mixin/]: Adding mixin platform agents for container SecureJarResource(forge)
[02Aug2026 00:38:16.292] [main/DEBUG] [mixin/]: Instancing new MixinPlatformAgentMinecraftForge for SecureJarResource(forge)
[02Aug2026 00:38:16.293] [main/DEBUG] [mixin/]: MixinPlatformAgentMinecraftForge rejected container SecureJarResource(forge)
[02Aug2026 00:38:16.293] [main/DEBUG] [mixin/]: Instancing new MixinPlatformAgentDefault for SecureJarResource(forge)
[02Aug2026 00:38:16.293] [main/DEBUG] [mixin/]: MixinPlatformAgentDefault accepted container SecureJarResource(forge)
[02Aug2026 00:38:16.293] [main/DEBUG] [mixin/]: Processing prepare() for PlatformAgent[MixinPlatformAgentDefault:SecureJarResource(forge)]
[02Aug2026 00:38:16.293] [main/DEBUG] [mixin/]: Adding mixin platform agents for container SecureJarResource(fzzy_config)
[02Aug2026 00:38:16.293] [main/DEBUG] [mixin/]: Instancing new MixinPlatformAgentMinecraftForge for SecureJarResource(fzzy_config)
[02Aug2026 00:38:16.294] [main/DEBUG] [mixin/]: MixinPlatformAgentMinecraftForge rejected container SecureJarResource(fzzy_config)
[02Aug2026 00:38:16.295] [main/DEBUG] [mixin/]: Instancing new MixinPlatformAgentDefault for SecureJarResource(fzzy_config)
[02Aug2026 00:38:16.295] [main/DEBUG] [mixin/]: MixinPlatformAgentDefault accepted container SecureJarResource(fzzy_config)
[02Aug2026 00:38:16.295] [main/DEBUG] [mixin/]: Processing prepare() for PlatformAgent[MixinPlatformAgentDefault:SecureJarResource(fzzy_config)]
[02Aug2026 00:38:16.295] [main/DEBUG] [mixin/]: Adding mixin platform agents for container SecureJarResource(konkrete)
[02Aug2026 00:38:16.295] [main/DEBUG] [mixin/]: Instancing new MixinPlatformAgentMinecraftForge for SecureJarResource(konkrete)
[02Aug2026 00:38:16.295] [main/DEBUG] [mixin/]: MixinPlatformAgentMinecraftForge rejected container SecureJarResource(konkrete)
[02Aug2026 00:38:16.295] [main/DEBUG] [mixin/]: Instancing new MixinPlatformAgentDefault for SecureJarResource(konkrete)
[02Aug2026 00:38:16.295] [main/DEBUG] [mixin/]: MixinPlatformAgentDefault accepted container SecureJarResource(konkrete)
[02Aug2026 00:38:16.295] [main/DEBUG] [mixin/]: Processing prepare() for PlatformAgent[MixinPlatformAgentDefault:SecureJarResource(konkrete)]
[02Aug2026 00:38:16.295] [main/DEBUG] [mixin/]: Registering mixin config: konkrete.mixin.json
[02Aug2026 00:38:16.298] [main/DEBUG] [mixin/]: Adding mixin platform agents for container SecureJarResource(embeddium)
[02Aug2026 00:38:16.298] [main/DEBUG] [mixin/]: Instancing new MixinPlatformAgentMinecraftForge for SecureJarResource(embeddium)
[02Aug2026 00:38:16.299] [main/DEBUG] [mixin/]: MixinPlatformAgentMinecraftForge rejected container SecureJarResource(embeddium)
[02Aug2026 00:38:16.300] [main/DEBUG] [mixin/]: Instancing new MixinPlatformAgentDefault for SecureJarResource(embeddium)
[02Aug2026 00:38:16.300] [main/DEBUG] [mixin/]: MixinPlatformAgentDefault accepted container SecureJarResource(embeddium)
[02Aug2026 00:38:16.300] [main/DEBUG] [mixin/]: Processing prepare() for PlatformAgent[MixinPlatformAgentDefault:SecureJarResource(embeddium)]
[02Aug2026 00:38:16.300] [main/DEBUG] [mixin/]: Registering mixin config: embeddium.mixins.json
[02Aug2026 00:38:16.302] [main/DEBUG] [mixin/]: Adding mixin platform agents for container SecureJarResource(minecraft)
[02Aug2026 00:38:16.302] [main/DEBUG] [mixin/]: Instancing new MixinPlatformAgentMinecraftForge for SecureJarResource(minecraft)
[02Aug2026 00:38:16.302] [main/DEBUG] [mixin/]: MixinPlatformAgentMinecraftForge rejected container SecureJarResource(minecraft)
[02Aug2026 00:38:16.302] [main/DEBUG] [mixin/]: Instancing new MixinPlatformAgentDefault for SecureJarResource(minecraft)
[02Aug2026 00:38:16.302] [main/DEBUG] [mixin/]: MixinPlatformAgentDefault accepted container SecureJarResource(minecraft)
[02Aug2026 00:38:16.302] [main/DEBUG] [mixin/]: Processing prepare() for PlatformAgent[MixinPlatformAgentDefault:SecureJarResource(minecraft)]
[02Aug2026 00:38:16.303] [main/DEBUG] [mixin/]: Adding mixin platform agents for container SecureJarResource(tconstruct)
[02Aug2026 00:38:16.303] [main/DEBUG] [mixin/]: Instancing new MixinPlatformAgentMinecraftForge for SecureJarResource(tconstruct)
[02Aug2026 00:38:16.303] [main/DEBUG] [mixin/]: MixinPlatformAgentMinecraftForge rejected container SecureJarResource(tconstruct)
[02Aug2026 00:38:16.303] [main/DEBUG] [mixin/]: Instancing new MixinPlatformAgentDefault for SecureJarResource(tconstruct)
[02Aug2026 00:38:16.303] [main/DEBUG] [mixin/]: MixinPlatformAgentDefault accepted container SecureJarResource(tconstruct)
[02Aug2026 00:38:16.304] [main/DEBUG] [mixin/]: Processing prepare() for PlatformAgent[MixinPlatformAgentDefault:SecureJarResource(tconstruct)]
[02Aug2026 00:38:16.304] [main/DEBUG] [mixin/]: Adding mixin platform agents for container SecureJarResource(entity_model_features)
[02Aug2026 00:38:16.304] [main/DEBUG] [mixin/]: Instancing new MixinPlatformAgentMinecraftForge for SecureJarResource(entity_model_features)
[02Aug2026 00:38:16.304] [main/DEBUG] [mixin/]: MixinPlatformAgentMinecraftForge rejected container SecureJarResource(entity_model_features)
[02Aug2026 00:38:16.304] [main/DEBUG] [mixin/]: Instancing new MixinPlatformAgentDefault for SecureJarResource(entity_model_features)
[02Aug2026 00:38:16.304] [main/DEBUG] [mixin/]: MixinPlatformAgentDefault accepted container SecureJarResource(entity_model_features)
[02Aug2026 00:38:16.304] [main/DEBUG] [mixin/]: Processing prepare() for PlatformAgent[MixinPlatformAgentDefault:SecureJarResource(entity_model_features)]
[02Aug2026 00:38:16.304] [main/DEBUG] [mixin/]: Registering mixin config: entity_model_features.mixins.json
[02Aug2026 00:38:16.307] [main/DEBUG] [mixin/]: Adding mixin platform agents for container SecureJarResource(emi)
[02Aug2026 00:38:16.308] [main/DEBUG] [mixin/]: Instancing new MixinPlatformAgentMinecraftForge for SecureJarResource(emi)
[02Aug2026 00:38:16.308] [main/DEBUG] [mixin/]: MixinPlatformAgentMinecraftForge rejected container SecureJarResource(emi)
[02Aug2026 00:38:16.309] [main/DEBUG] [mixin/]: Instancing new MixinPlatformAgentDefault for SecureJarResource(emi)
[02Aug2026 00:38:16.309] [main/DEBUG] [mixin/]: MixinPlatformAgentDefault accepted container SecureJarResource(emi)
[02Aug2026 00:38:16.309] [main/DEBUG] [mixin/]: Processing prepare() for PlatformAgent[MixinPlatformAgentDefault:SecureJarResource(emi)]
[02Aug2026 00:38:16.309] [main/DEBUG] [mixin/]: Registering mixin config: emi.mixins.json
[02Aug2026 00:38:16.310] [main/DEBUG] [mixin/]: Registering mixin config: emi-forge.mixins.json
[02Aug2026 00:38:16.312] [main/DEBUG] [mixin/]: Adding mixin platform agents for container SecureJarResource(entity_texture_features)
[02Aug2026 00:38:16.312] [main/DEBUG] [mixin/]: Instancing new MixinPlatformAgentMinecraftForge for SecureJarResource(entity_texture_features)
[02Aug2026 00:38:16.313] [main/DEBUG] [mixin/]: MixinPlatformAgentMinecraftForge rejected container SecureJarResource(entity_texture_features)
[02Aug2026 00:38:16.313] [main/DEBUG] [mixin/]: Instancing new MixinPlatformAgentDefault for SecureJarResource(entity_texture_features)
[02Aug2026 00:38:16.313] [main/DEBUG] [mixin/]: MixinPlatformAgentDefault accepted container SecureJarResource(entity_texture_features)
[02Aug2026 00:38:16.313] [main/DEBUG] [mixin/]: Processing prepare() for PlatformAgent[MixinPlatformAgentDefault:SecureJarResource(entity_texture_features)]
[02Aug2026 00:38:16.313] [main/DEBUG] [mixin/]: Registering mixin config: entity_texture_features.mixins.json
[02Aug2026 00:38:16.315] [main/DEBUG] [mixin/]: Compatibility level JAVA_16 specified by entity_texture_features.mixins.json is higher than the maximum level supported by this version of mixin (JAVA_13).
[02Aug2026 00:38:16.315] [main/DEBUG] [mixin/]: Adding mixin platform agents for container SecureJarResource(jade)
[02Aug2026 00:38:16.315] [main/DEBUG] [mixin/]: Instancing new MixinPlatformAgentMinecraftForge for SecureJarResource(jade)
[02Aug2026 00:38:16.316] [main/DEBUG] [mixin/]: MixinPlatformAgentMinecraftForge rejected container SecureJarResource(jade)
[02Aug2026 00:38:16.316] [main/DEBUG] [mixin/]: Instancing new MixinPlatformAgentDefault for SecureJarResource(jade)
[02Aug2026 00:38:16.316] [main/DEBUG] [mixin/]: MixinPlatformAgentDefault accepted container SecureJarResource(jade)
[02Aug2026 00:38:16.316] [main/DEBUG] [mixin/]: Processing prepare() for PlatformAgent[MixinPlatformAgentDefault:SecureJarResource(jade)]
[02Aug2026 00:38:16.316] [main/DEBUG] [mixin/]: Registering mixin config: jade.mixins.json
[02Aug2026 00:38:16.317] [main/DEBUG] [mixin/]: Compatibility level JAVA_16 specified by jade.mixins.json is higher than the maximum level supported by this version of mixin (JAVA_13).
[02Aug2026 00:38:16.318] [main/DEBUG] [mixin/]: Adding mixin platform agents for container SecureJarResource(shouldersurfing)
[02Aug2026 00:38:16.318] [main/DEBUG] [mixin/]: Instancing new MixinPlatformAgentMinecraftForge for SecureJarResource(shouldersurfing)
[02Aug2026 00:38:16.318] [main/DEBUG] [mixin/]: MixinPlatformAgentMinecraftForge rejected container SecureJarResource(shouldersurfing)
[02Aug2026 00:38:16.318] [main/DEBUG] [mixin/]: Instancing new MixinPlatformAgentDefault for SecureJarResource(shouldersurfing)
[02Aug2026 00:38:16.318] [main/DEBUG] [mixin/]: MixinPlatformAgentDefault accepted container SecureJarResource(shouldersurfing)
[02Aug2026 00:38:16.318] [main/DEBUG] [mixin/]: Processing prepare() for PlatformAgent[MixinPlatformAgentDefault:SecureJarResource(shouldersurfing)]
[02Aug2026 00:38:16.318] [main/DEBUG] [mixin/]: Registering mixin config: shouldersurfing.api-legacy.mixins.json
[02Aug2026 00:38:16.320] [main/DEBUG] [mixin/]: Registering mixin config: shouldersurfing.common.mixins.json
[02Aug2026 00:38:16.321] [main/DEBUG] [mixin/]: Registering mixin config: shouldersurfing.common.compat.mixins.json
[02Aug2026 00:38:16.322] [main/DEBUG] [mixin/]: Registering mixin config: shouldersurfing.forge.mixins.json
[02Aug2026 00:38:16.324] [main/DEBUG] [mixin/]: Registering mixin config: shouldersurfing.forge.compat.mixins.json
[02Aug2026 00:38:16.325] [main/DEBUG] [mixin/]: Adding mixin platform agents for container SecureJarResource(servercore)
[02Aug2026 00:38:16.325] [main/DEBUG] [mixin/]: Instancing new MixinPlatformAgentMinecraftForge for SecureJarResource(servercore)
[02Aug2026 00:38:16.326] [main/DEBUG] [mixin/]: MixinPlatformAgentMinecraftForge rejected container SecureJarResource(servercore)
[02Aug2026 00:38:16.326] [main/DEBUG] [mixin/]: Instancing new MixinPlatformAgentDefault for SecureJarResource(servercore)
[02Aug2026 00:38:16.326] [main/DEBUG] [mixin/]: MixinPlatformAgentDefault accepted container SecureJarResource(servercore)
[02Aug2026 00:38:16.326] [main/DEBUG] [mixin/]: Processing prepare() for PlatformAgent[MixinPlatformAgentDefault:SecureJarResource(servercore)]
[02Aug2026 00:38:16.326] [main/DEBUG] [mixin/]: Registering mixin config: servercore.common.mixins.json
[02Aug2026 00:38:16.327] [main/DEBUG] [mixin/]: Compatibility level JAVA_16 specified by servercore.common.mixins.json is higher than the maximum level supported by this version of mixin (JAVA_13).
[02Aug2026 00:38:16.328] [main/DEBUG] [mixin/]: Adding mixin platform agents for container SecureJarResource(kotlinforforge)
[02Aug2026 00:38:16.328] [main/DEBUG] [mixin/]: Instancing new MixinPlatformAgentMinecraftForge for SecureJarResource(kotlinforforge)
[02Aug2026 00:38:16.328] [main/DEBUG] [mixin/]: MixinPlatformAgentMinecraftForge rejected container SecureJarResource(kotlinforforge)
[02Aug2026 00:38:16.328] [main/DEBUG] [mixin/]: Instancing new MixinPlatformAgentDefault for SecureJarResource(kotlinforforge)
[02Aug2026 00:38:16.328] [main/DEBUG] [mixin/]: MixinPlatformAgentDefault accepted container SecureJarResource(kotlinforforge)
[02Aug2026 00:38:16.328] [main/DEBUG] [mixin/]: Processing prepare() for PlatformAgent[MixinPlatformAgentDefault:SecureJarResource(kotlinforforge)]
[02Aug2026 00:38:16.328] [main/DEBUG] [mixin/]: Adding mixin platform agents for container SecureJarResource(mantle)
[02Aug2026 00:38:16.328] [main/DEBUG] [mixin/]: Instancing new MixinPlatformAgentMinecraftForge for SecureJarResource(mantle)
[02Aug2026 00:38:16.328] [main/DEBUG] [mixin/]: MixinPlatformAgentMinecraftForge rejected container SecureJarResource(mantle)
[02Aug2026 00:38:16.329] [main/DEBUG] [mixin/]: Instancing new MixinPlatformAgentDefault for SecureJarResource(mantle)
[02Aug2026 00:38:16.329] [main/DEBUG] [mixin/]: MixinPlatformAgentDefault accepted container SecureJarResource(mantle)
[02Aug2026 00:38:16.329] [main/DEBUG] [mixin/]: Processing prepare() for PlatformAgent[MixinPlatformAgentDefault:SecureJarResource(mantle)]
[02Aug2026 00:38:16.329] [main/DEBUG] [mixin/]: Adding mixin platform agents for container SecureJarResource(oculus)
[02Aug2026 00:38:16.329] [main/DEBUG] [mixin/]: Instancing new MixinPlatformAgentMinecraftForge for SecureJarResource(oculus)
[02Aug2026 00:38:16.329] [main/DEBUG] [mixin/]: MixinPlatformAgentMinecraftForge rejected container SecureJarResource(oculus)
[02Aug2026 00:38:16.329] [main/DEBUG] [mixin/]: Instancing new MixinPlatformAgentDefault for SecureJarResource(oculus)
[02Aug2026 00:38:16.329] [main/DEBUG] [mixin/]: MixinPlatformAgentDefault accepted container SecureJarResource(oculus)
[02Aug2026 00:38:16.329] [main/DEBUG] [mixin/]: Processing prepare() for PlatformAgent[MixinPlatformAgentDefault:SecureJarResource(oculus)]
[02Aug2026 00:38:16.330] [main/DEBUG] [mixin/]: Registering mixin config: mixins.oculus.json
[02Aug2026 00:38:16.331] [main/DEBUG] [mixin/]: Compatibility level JAVA_8 specified by mixins.oculus.json is lower than the default level supported by the current mixin service (JAVA_16).
[02Aug2026 00:38:16.331] [main/DEBUG] [mixin/]: Registering mixin config: mixins.oculus.fantastic.json
[02Aug2026 00:38:16.333] [main/DEBUG] [mixin/]: Compatibility level JAVA_8 specified by mixins.oculus.fantastic.json is lower than the default level supported by the current mixin service (JAVA_16).
[02Aug2026 00:38:16.333] [main/DEBUG] [mixin/]: Registering mixin config: mixins.oculus.vertexformat.json
[02Aug2026 00:38:16.334] [main/DEBUG] [mixin/]: Compatibility level JAVA_8 specified by mixins.oculus.vertexformat.json is lower than the default level supported by the current mixin service (JAVA_16).
[02Aug2026 00:38:16.334] [main/DEBUG] [mixin/]: Registering mixin config: mixins.oculus.bettermipmaps.json
[02Aug2026 00:38:16.336] [main/DEBUG] [mixin/]: Compatibility level JAVA_8 specified by mixins.oculus.bettermipmaps.json is lower than the default level supported by the current mixin service (JAVA_16).
[02Aug2026 00:38:16.336] [main/DEBUG] [mixin/]: Registering mixin config: mixins.oculus.fixes.maxfpscrash.json
[02Aug2026 00:38:16.337] [main/DEBUG] [mixin/]: Compatibility level JAVA_8 specified by mixins.oculus.fixes.maxfpscrash.json is lower than the default level supported by the current mixin service (JAVA_16).
[02Aug2026 00:38:16.337] [main/DEBUG] [mixin/]: Registering mixin config: oculus-batched-entity-rendering.mixins.json
[02Aug2026 00:38:16.338] [main/DEBUG] [mixin/]: Compatibility level JAVA_8 specified by oculus-batched-entity-rendering.mixins.json is lower than the default level supported by the current mixin service (JAVA_16).
[02Aug2026 00:38:16.339] [main/DEBUG] [mixin/]: Registering mixin config: mixins.oculus.compat.sodium.json
[02Aug2026 00:38:16.340] [main/DEBUG] [mixin/]: Compatibility level JAVA_8 specified by mixins.oculus.compat.sodium.json is lower than the default level supported by the current mixin service (JAVA_16).
[02Aug2026 00:38:16.340] [main/DEBUG] [mixin/]: Registering mixin config: mixins.oculus.compat.indigo.json
[02Aug2026 00:38:16.342] [main/DEBUG] [mixin/]: Compatibility level JAVA_8 specified by mixins.oculus.compat.indigo.json is lower than the default level supported by the current mixin service (JAVA_16).
[02Aug2026 00:38:16.342] [main/DEBUG] [mixin/]: Registering mixin config: mixins.oculus.compat.indium.json
[02Aug2026 00:38:16.343] [main/DEBUG] [mixin/]: Compatibility level JAVA_8 specified by mixins.oculus.compat.indium.json is lower than the default level supported by the current mixin service (JAVA_16).
[02Aug2026 00:38:16.343] [main/DEBUG] [mixin/]: Registering mixin config: mixins.oculus.compat.dh.json
[02Aug2026 00:38:16.345] [main/DEBUG] [mixin/]: Compatibility level JAVA_8 specified by mixins.oculus.compat.dh.json is lower than the default level supported by the current mixin service (JAVA_16).
[02Aug2026 00:38:16.345] [main/DEBUG] [mixin/]: Registering mixin config: mixins.oculus.compat.pixelmon.json
[02Aug2026 00:38:16.346] [main/DEBUG] [mixin/]: Compatibility level JAVA_8 specified by mixins.oculus.compat.pixelmon.json is lower than the default level supported by the current mixin service (JAVA_16).
[02Aug2026 00:38:16.347] [main/DEBUG] [mixin/]: Adding mixin platform agents for container SecureJarResource(gravestone)
[02Aug2026 00:38:16.347] [main/DEBUG] [mixin/]: Instancing new MixinPlatformAgentMinecraftForge for SecureJarResource(gravestone)
[02Aug2026 00:38:16.347] [main/DEBUG] [mixin/]: MixinPlatformAgentMinecraftForge rejected container SecureJarResource(gravestone)
[02Aug2026 00:38:16.347] [main/DEBUG] [mixin/]: Instancing new MixinPlatformAgentDefault for SecureJarResource(gravestone)
[02Aug2026 00:38:16.347] [main/DEBUG] [mixin/]: MixinPlatformAgentDefault accepted container SecureJarResource(gravestone)
[02Aug2026 00:38:16.347] [main/DEBUG] [mixin/]: Processing prepare() for PlatformAgent[MixinPlatformAgentDefault:SecureJarResource(gravestone)]
[02Aug2026 00:38:16.347] [main/DEBUG] [mixin/]: Adding mixin platform agents for container SecureJarResource(cullleaves)
[02Aug2026 00:38:16.347] [main/DEBUG] [mixin/]: Instancing new MixinPlatformAgentMinecraftForge for SecureJarResource(cullleaves)
[02Aug2026 00:38:16.347] [main/DEBUG] [mixin/]: MixinPlatformAgentMinecraftForge rejected container SecureJarResource(cullleaves)
[02Aug2026 00:38:16.348] [main/DEBUG] [mixin/]: Instancing new MixinPlatformAgentDefault for SecureJarResource(cullleaves)
[02Aug2026 00:38:16.348] [main/DEBUG] [mixin/]: MixinPlatformAgentDefault accepted container SecureJarResource(cullleaves)
[02Aug2026 00:38:16.348] [main/DEBUG] [mixin/]: Processing prepare() for PlatformAgent[MixinPlatformAgentDefault:SecureJarResource(cullleaves)]
[02Aug2026 00:38:16.348] [main/DEBUG] [mixin/]: Registering mixin config: cullleaves.mixins.json
[02Aug2026 00:38:16.349] [main/DEBUG] [mixin/]: Registering mixin config: cullleaves-neoforge.mixins.json
[02Aug2026 00:38:16.351] [main/DEBUG] [mixin/]: Adding mixin platform agents for container SecureJarResource(midnightlib)
[02Aug2026 00:38:16.351] [main/DEBUG] [mixin/]: Instancing new MixinPlatformAgentMinecraftForge for SecureJarResource(midnightlib)
[02Aug2026 00:38:16.351] [main/DEBUG] [mixin/]: MixinPlatformAgentMinecraftForge rejected container SecureJarResource(midnightlib)
[02Aug2026 00:38:16.351] [main/DEBUG] [mixin/]: Instancing new MixinPlatformAgentDefault for SecureJarResource(midnightlib)
[02Aug2026 00:38:16.351] [main/DEBUG] [mixin/]: MixinPlatformAgentDefault accepted container SecureJarResource(midnightlib)
[02Aug2026 00:38:16.351] [main/DEBUG] [mixin/]: Processing prepare() for PlatformAgent[MixinPlatformAgentDefault:SecureJarResource(midnightlib)]
[02Aug2026 00:38:16.351] [main/DEBUG] [mixin/]: Registering mixin config: midnightlib.mixins.json
[02Aug2026 00:38:16.353] [main/DEBUG] [mixin/]: Adding mixin platform agents for container SecureJarResource(collective)
[02Aug2026 00:38:16.353] [main/DEBUG] [mixin/]: Instancing new MixinPlatformAgentMinecraftForge for SecureJarResource(collective)
[02Aug2026 00:38:16.353] [main/DEBUG] [mixin/]: MixinPlatformAgentMinecraftForge rejected container SecureJarResource(collective)
[02Aug2026 00:38:16.353] [main/DEBUG] [mixin/]: Instancing new MixinPlatformAgentDefault for SecureJarResource(collective)
[02Aug2026 00:38:16.353] [main/DEBUG] [mixin/]: MixinPlatformAgentDefault accepted container SecureJarResource(collective)
[02Aug2026 00:38:16.353] [main/DEBUG] [mixin/]: Processing prepare() for PlatformAgent[MixinPlatformAgentDefault:SecureJarResource(collective)]
[02Aug2026 00:38:16.353] [main/DEBUG] [mixin/]: Registering mixin config: collective_forge.mixins.json
[02Aug2026 00:38:16.355] [main/DEBUG] [mixin/]: Adding mixin platform agents for container SecureJarResource(fancymenu)
[02Aug2026 00:38:16.355] [main/DEBUG] [mixin/]: Instancing new MixinPlatformAgentMinecraftForge for SecureJarResource(fancymenu)
[02Aug2026 00:38:16.355] [main/DEBUG] [mixin/]: MixinPlatformAgentMinecraftForge rejected container SecureJarResource(fancymenu)
[02Aug2026 00:38:16.355] [main/DEBUG] [mixin/]: Instancing new MixinPlatformAgentDefault for SecureJarResource(fancymenu)
[02Aug2026 00:38:16.355] [main/DEBUG] [mixin/]: MixinPlatformAgentDefault accepted container SecureJarResource(fancymenu)
[02Aug2026 00:38:16.355] [main/DEBUG] [mixin/]: Processing prepare() for PlatformAgent[MixinPlatformAgentDefault:SecureJarResource(fancymenu)]
[02Aug2026 00:38:16.355] [main/DEBUG] [mixin/]: Registering mixin config: fancymenu.mixins.json
[02Aug2026 00:38:16.356] [main/DEBUG] [mixin/]: Registering mixin config: fancymenu.forge.mixins.json
[02Aug2026 00:38:16.358] [main/DEBUG] [mixin/]: Adding mixin platform agents for container SecureJarResource(immediatelyfast)
[02Aug2026 00:38:16.358] [main/DEBUG] [mixin/]: Instancing new MixinPlatformAgentMinecraftForge for SecureJarResource(immediatelyfast)
[02Aug2026 00:38:16.358] [main/DEBUG] [mixin/]: MixinPlatformAgentMinecraftForge rejected container SecureJarResource(immediatelyfast)
[02Aug2026 00:38:16.358] [main/DEBUG] [mixin/]: Instancing new MixinPlatformAgentDefault for SecureJarResource(immediatelyfast)
[02Aug2026 00:38:16.358] [main/DEBUG] [mixin/]: MixinPlatformAgentDefault accepted container SecureJarResource(immediatelyfast)
[02Aug2026 00:38:16.358] [main/DEBUG] [mixin/]: Processing prepare() for PlatformAgent[MixinPlatformAgentDefault:SecureJarResource(immediatelyfast)]
[02Aug2026 00:38:16.358] [main/DEBUG] [mixin/]: Registering mixin config: immediatelyfast-common.mixins.json
[02Aug2026 00:38:16.360] [main/DEBUG] [mixin/]: Registering mixin config: immediatelyfast-forge.mixins.json
[02Aug2026 00:38:16.361] [main/DEBUG] [mixin/]: Adding mixin platform agents for container SecureJarResource(ferritecore)
[02Aug2026 00:38:16.361] [main/DEBUG] [mixin/]: Instancing new MixinPlatformAgentMinecraftForge for SecureJarResource(ferritecore)
[02Aug2026 00:38:16.362] [main/DEBUG] [mixin/]: MixinPlatformAgentMinecraftForge rejected container SecureJarResource(ferritecore)
[02Aug2026 00:38:16.362] [main/DEBUG] [mixin/]: Instancing new MixinPlatformAgentDefault for SecureJarResource(ferritecore)
[02Aug2026 00:38:16.362] [main/DEBUG] [mixin/]: MixinPlatformAgentDefault accepted container SecureJarResource(ferritecore)
[02Aug2026 00:38:16.362] [main/DEBUG] [mixin/]: Processing prepare() for PlatformAgent[MixinPlatformAgentDefault:SecureJarResource(ferritecore)]
[02Aug2026 00:38:16.362] [main/DEBUG] [mixin/]: Registering mixin config: ferritecore.predicates.mixin.json
[02Aug2026 00:38:16.363] [main/DEBUG] [mixin/]: Registering mixin config: ferritecore.fastmap.mixin.json
[02Aug2026 00:38:16.364] [main/DEBUG] [mixin/]: Registering mixin config: ferritecore.mrl.mixin.json
[02Aug2026 00:38:16.366] [main/DEBUG] [mixin/]: Registering mixin config: ferritecore.dedupmultipart.mixin.json
[02Aug2026 00:38:16.367] [main/DEBUG] [mixin/]: Registering mixin config: ferritecore.blockstatecache.mixin.json
[02Aug2026 00:38:16.368] [main/DEBUG] [mixin/]: Registering mixin config: ferritecore.dedupbakedquad.mixin.json
[02Aug2026 00:38:16.370] [main/DEBUG] [mixin/]: Registering mixin config: ferritecore.threaddetec.mixin.json
[02Aug2026 00:38:16.371] [main/DEBUG] [mixin/]: Registering mixin config: ferritecore.modelsides.mixin.json
[02Aug2026 00:38:16.372] [main/DEBUG] [mixin/]: Adding mixin platform agents for container SecureJarResource(embeddium_extra)
[02Aug2026 00:38:16.372] [main/DEBUG] [mixin/]: Instancing new MixinPlatformAgentMinecraftForge for SecureJarResource(embeddium_extra)
[02Aug2026 00:38:16.372] [main/DEBUG] [mixin/]: MixinPlatformAgentMinecraftForge rejected container SecureJarResource(embeddium_extra)
[02Aug2026 00:38:16.373] [main/DEBUG] [mixin/]: Instancing new MixinPlatformAgentDefault for SecureJarResource(embeddium_extra)
[02Aug2026 00:38:16.373] [main/DEBUG] [mixin/]: MixinPlatformAgentDefault accepted container SecureJarResource(embeddium_extra)
[02Aug2026 00:38:16.373] [main/DEBUG] [mixin/]: Processing prepare() for PlatformAgent[MixinPlatformAgentDefault:SecureJarResource(embeddium_extra)]
[02Aug2026 00:38:16.373] [main/DEBUG] [mixin/]: Registering mixin config: sodium-extra.mixins.json
[02Aug2026 00:38:16.374] [main/DEBUG] [mixin/]: Adding mixin platform agents for container SecureJarResource(aquaculture)
[02Aug2026 00:38:16.374] [main/DEBUG] [mixin/]: Instancing new MixinPlatformAgentMinecraftForge for SecureJarResource(aquaculture)
[02Aug2026 00:38:16.375] [main/DEBUG] [mixin/]: MixinPlatformAgentMinecraftForge rejected container SecureJarResource(aquaculture)
[02Aug2026 00:38:16.375] [main/DEBUG] [mixin/]: Instancing new MixinPlatformAgentDefault for SecureJarResource(aquaculture)
[02Aug2026 00:38:16.375] [main/DEBUG] [mixin/]: MixinPlatformAgentDefault accepted container SecureJarResource(aquaculture)
[02Aug2026 00:38:16.375] [main/DEBUG] [mixin/]: Processing prepare() for PlatformAgent[MixinPlatformAgentDefault:SecureJarResource(aquaculture)]
[02Aug2026 00:38:16.375] [main/DEBUG] [mixin/]: Adding mixin platform agents for container SecureJarResource(kimetsunoyaiba)
[02Aug2026 00:38:16.375] [main/DEBUG] [mixin/]: Instancing new MixinPlatformAgentMinecraftForge for SecureJarResource(kimetsunoyaiba)
[02Aug2026 00:38:16.375] [main/DEBUG] [mixin/]: MixinPlatformAgentMinecraftForge rejected container SecureJarResource(kimetsunoyaiba)
[02Aug2026 00:38:16.375] [main/DEBUG] [mixin/]: Instancing new MixinPlatformAgentDefault for SecureJarResource(kimetsunoyaiba)
[02Aug2026 00:38:16.375] [main/DEBUG] [mixin/]: MixinPlatformAgentDefault accepted container SecureJarResource(kimetsunoyaiba)
[02Aug2026 00:38:16.375] [main/DEBUG] [mixin/]: Processing prepare() for PlatformAgent[MixinPlatformAgentDefault:SecureJarResource(kimetsunoyaiba)]
[02Aug2026 00:38:16.378] [main/DEBUG] [mixin/]: Registering mixin config: mixins.kimetsunoyaiba.json
[02Aug2026 00:38:16.380] [main/DEBUG] [mixin/]: Adding mixin platform agents for container SecureJarResource(chunksfadein)
[02Aug2026 00:38:16.380] [main/DEBUG] [mixin/]: Instancing new MixinPlatformAgentMinecraftForge for SecureJarResource(chunksfadein)
[02Aug2026 00:38:16.380] [main/DEBUG] [mixin/]: MixinPlatformAgentMinecraftForge rejected container SecureJarResource(chunksfadein)
[02Aug2026 00:38:16.380] [main/DEBUG] [mixin/]: Instancing new MixinPlatformAgentDefault for SecureJarResource(chunksfadein)
[02Aug2026 00:38:16.380] [main/DEBUG] [mixin/]: MixinPlatformAgentDefault accepted container SecureJarResource(chunksfadein)
[02Aug2026 00:38:16.380] [main/DEBUG] [mixin/]: Processing prepare() for PlatformAgent[MixinPlatformAgentDefault:SecureJarResource(chunksfadein)]
[02Aug2026 00:38:16.381] [main/DEBUG] [mixin/]: Registering mixin config: chunksfadein_dh.mixins.json
[02Aug2026 00:38:16.382] [main/DEBUG] [mixin/]: Registering mixin config: chunksfadein_iris.mixins.json
[02Aug2026 00:38:16.384] [main/DEBUG] [mixin/]: Registering mixin config: chunksfadein_mc.mixins.json
[02Aug2026 00:38:16.387] [main/DEBUG] [mixin/]: Registering mixin config: chunksfadein_sodium.mixins.json
[02Aug2026 00:38:16.389] [main/DEBUG] [mixin/]: Adding mixin platform agents for container SecureJarResource(badoptimizations)
[02Aug2026 00:38:16.390] [main/DEBUG] [mixin/]: Instancing new MixinPlatformAgentMinecraftForge for SecureJarResource(badoptimizations)
[02Aug2026 00:38:16.390] [main/DEBUG] [mixin/]: MixinPlatformAgentMinecraftForge rejected container SecureJarResource(badoptimizations)
[02Aug2026 00:38:16.390] [main/DEBUG] [mixin/]: Instancing new MixinPlatformAgentDefault for SecureJarResource(badoptimizations)
[02Aug2026 00:38:16.390] [main/DEBUG] [mixin/]: MixinPlatformAgentDefault accepted container SecureJarResource(badoptimizations)
[02Aug2026 00:38:16.390] [main/DEBUG] [mixin/]: Processing prepare() for PlatformAgent[MixinPlatformAgentDefault:SecureJarResource(badoptimizations)]
[02Aug2026 00:38:16.390] [main/DEBUG] [mixin/]: Registering mixin config: forge-badoptimizations.mixins.json
[02Aug2026 00:38:16.392] [main/DEBUG] [mixin/]: Adding mixin platform agents for container SecureJarResource(cosmeticarmorreworked)
[02Aug2026 00:38:16.392] [main/DEBUG] [mixin/]: Instancing new MixinPlatformAgentMinecraftForge for SecureJarResource(cosmeticarmorreworked)
[02Aug2026 00:38:16.393] [main/DEBUG] [mixin/]: MixinPlatformAgentMinecraftForge rejected container SecureJarResource(cosmeticarmorreworked)
[02Aug2026 00:38:16.393] [main/DEBUG] [mixin/]: Instancing new MixinPlatformAgentDefault for SecureJarResource(cosmeticarmorreworked)
[02Aug2026 00:38:16.393] [main/DEBUG] [mixin/]: MixinPlatformAgentDefault accepted container SecureJarResource(cosmeticarmorreworked)
[02Aug2026 00:38:16.393] [main/DEBUG] [mixin/]: Processing prepare() for PlatformAgent[MixinPlatformAgentDefault:SecureJarResource(cosmeticarmorreworked)]
[02Aug2026 00:38:16.393] [main/DEBUG] [mixin/]: Adding mixin platform agents for container SecureJarResource(yeetusexperimentus)
[02Aug2026 00:38:16.393] [main/DEBUG] [mixin/]: Instancing new MixinPlatformAgentMinecraftForge for SecureJarResource(yeetusexperimentus)
[02Aug2026 00:38:16.393] [main/DEBUG] [mixin/]: MixinPlatformAgentMinecraftForge rejected container SecureJarResource(yeetusexperimentus)
[02Aug2026 00:38:16.393] [main/DEBUG] [mixin/]: Instancing new MixinPlatformAgentDefault for SecureJarResource(yeetusexperimentus)
[02Aug2026 00:38:16.393] [main/DEBUG] [mixin/]: MixinPlatformAgentDefault accepted container SecureJarResource(yeetusexperimentus)
[02Aug2026 00:38:16.394] [main/DEBUG] [mixin/]: Processing prepare() for PlatformAgent[MixinPlatformAgentDefault:SecureJarResource(yeetusexperimentus)]
[02Aug2026 00:38:16.394] [main/DEBUG] [mixin/]: Registering mixin config: yeetusexperimentus.mixins.json
[02Aug2026 00:38:16.396] [main/DEBUG] [mixin/]: Adding mixin platform agents for container SecureJarResource(explosiveenhancement)
[02Aug2026 00:38:16.396] [main/DEBUG] [mixin/]: Instancing new MixinPlatformAgentMinecraftForge for SecureJarResource(explosiveenhancement)
[02Aug2026 00:38:16.396] [main/DEBUG] [mixin/]: MixinPlatformAgentMinecraftForge rejected container SecureJarResource(explosiveenhancement)
[02Aug2026 00:38:16.396] [main/DEBUG] [mixin/]: Instancing new MixinPlatformAgentDefault for SecureJarResource(explosiveenhancement)
[02Aug2026 00:38:16.396] [main/DEBUG] [mixin/]: MixinPlatformAgentDefault accepted container SecureJarResource(explosiveenhancement)
[02Aug2026 00:38:16.397] [main/DEBUG] [mixin/]: Processing prepare() for PlatformAgent[MixinPlatformAgentDefault:SecureJarResource(explosiveenhancement)]
[02Aug2026 00:38:16.397] [main/DEBUG] [mixin/]: Registering mixin config: explosiveenhancement.mixins.json
[02Aug2026 00:38:16.399] [main/DEBUG] [mixin/]: Adding mixin platform agents for container SecureJarResource(mclib)
[02Aug2026 00:38:16.401] [main/DEBUG] [mixin/]: Instancing new MixinPlatformAgentMinecraftForge for SecureJarResource(mclib)
[02Aug2026 00:38:16.402] [main/DEBUG] [mixin/]: MixinPlatformAgentMinecraftForge rejected container SecureJarResource(mclib)
[02Aug2026 00:38:16.402] [main/DEBUG] [mixin/]: Instancing new MixinPlatformAgentDefault for SecureJarResource(mclib)
[02Aug2026 00:38:16.402] [main/DEBUG] [mixin/]: MixinPlatformAgentDefault accepted container SecureJarResource(mclib)
[02Aug2026 00:38:16.402] [main/DEBUG] [mixin/]: Processing prepare() for PlatformAgent[MixinPlatformAgentDefault:SecureJarResource(mclib)]
[02Aug2026 00:38:16.402] [main/DEBUG] [mixin/]: Adding mixin platform agents for container SecureJarResource(japng)
[02Aug2026 00:38:16.402] [main/DEBUG] [mixin/]: Instancing new MixinPlatformAgentMinecraftForge for SecureJarResource(japng)
[02Aug2026 00:38:16.402] [main/DEBUG] [mixin/]: MixinPlatformAgentMinecraftForge rejected container SecureJarResource(japng)
[02Aug2026 00:38:16.402] [main/DEBUG] [mixin/]: Instancing new MixinPlatformAgentDefault for SecureJarResource(japng)
[02Aug2026 00:38:16.402] [main/DEBUG] [mixin/]: MixinPlatformAgentDefault accepted container SecureJarResource(japng)
[02Aug2026 00:38:16.402] [main/DEBUG] [mixin/]: Processing prepare() for PlatformAgent[MixinPlatformAgentDefault:SecureJarResource(japng)]
[02Aug2026 00:38:16.402] [main/DEBUG] [mixin/]: Adding mixin platform agents for container SecureJarResource(NanoLiveConfig)
[02Aug2026 00:38:16.402] [main/DEBUG] [mixin/]: Instancing new MixinPlatformAgentMinecraftForge for SecureJarResource(NanoLiveConfig)
[02Aug2026 00:38:16.402] [main/DEBUG] [mixin/]: MixinPlatformAgentMinecraftForge rejected container SecureJarResource(NanoLiveConfig)
[02Aug2026 00:38:16.402] [main/DEBUG] [mixin/]: Instancing new MixinPlatformAgentDefault for SecureJarResource(NanoLiveConfig)
[02Aug2026 00:38:16.402] [main/DEBUG] [mixin/]: MixinPlatformAgentDefault accepted container SecureJarResource(NanoLiveConfig)
[02Aug2026 00:38:16.402] [main/DEBUG] [mixin/]: Processing prepare() for PlatformAgent[MixinPlatformAgentDefault:SecureJarResource(NanoLiveConfig)]
[02Aug2026 00:38:16.402] [main/DEBUG] [mixin/]: Adding mixin platform agents for container SecureJarResource(MixinConstraints)
[02Aug2026 00:38:16.402] [main/DEBUG] [mixin/]: Instancing new MixinPlatformAgentMinecraftForge for SecureJarResource(MixinConstraints)
[02Aug2026 00:38:16.402] [main/DEBUG] [mixin/]: MixinPlatformAgentMinecraftForge rejected container SecureJarResource(MixinConstraints)
[02Aug2026 00:38:16.402] [main/DEBUG] [mixin/]: Instancing new MixinPlatformAgentDefault for SecureJarResource(MixinConstraints)
[02Aug2026 00:38:16.402] [main/DEBUG] [mixin/]: MixinPlatformAgentDefault accepted container SecureJarResource(MixinConstraints)
[02Aug2026 00:38:16.402] [main/DEBUG] [mixin/]: Processing prepare() for PlatformAgent[MixinPlatformAgentDefault:SecureJarResource(MixinConstraints)]
[02Aug2026 00:38:16.403] [main/DEBUG] [mixin/]: Adding mixin platform agents for container SecureJarResource(space.arim.dazzleconf)
[02Aug2026 00:38:16.403] [main/DEBUG] [mixin/]: Instancing new MixinPlatformAgentMinecraftForge for SecureJarResource(space.arim.dazzleconf)
[02Aug2026 00:38:16.403] [main/DEBUG] [mixin/]: MixinPlatformAgentMinecraftForge rejected container SecureJarResource(space.arim.dazzleconf)
[02Aug2026 00:38:16.403] [main/DEBUG] [mixin/]: Instancing new MixinPlatformAgentDefault for SecureJarResource(space.arim.dazzleconf)
[02Aug2026 00:38:16.403] [main/DEBUG] [mixin/]: MixinPlatformAgentDefault accepted container SecureJarResource(space.arim.dazzleconf)
[02Aug2026 00:38:16.403] [main/DEBUG] [mixin/]: Processing prepare() for PlatformAgent[MixinPlatformAgentDefault:SecureJarResource(space.arim.dazzleconf)]
[02Aug2026 00:38:16.403] [main/DEBUG] [mixin/]: Adding mixin platform agents for container SecureJarResource(org.yaml.snakeyaml)
[02Aug2026 00:38:16.403] [main/DEBUG] [mixin/]: Instancing new MixinPlatformAgentMinecraftForge for SecureJarResource(org.yaml.snakeyaml)
[02Aug2026 00:38:16.403] [main/DEBUG] [mixin/]: MixinPlatformAgentMinecraftForge rejected container SecureJarResource(org.yaml.snakeyaml)
[02Aug2026 00:38:16.403] [main/DEBUG] [mixin/]: Instancing new MixinPlatformAgentDefault for SecureJarResource(org.yaml.snakeyaml)
[02Aug2026 00:38:16.403] [main/DEBUG] [mixin/]: MixinPlatformAgentDefault accepted container SecureJarResource(org.yaml.snakeyaml)
[02Aug2026 00:38:16.403] [main/DEBUG] [mixin/]: Processing prepare() for PlatformAgent[MixinPlatformAgentDefault:SecureJarResource(org.yaml.snakeyaml)]
[02Aug2026 00:38:16.403] [main/DEBUG] [mixin/]: Adding mixin platform agents for container SecureJarResource(jankson)
[02Aug2026 00:38:16.403] [main/DEBUG] [mixin/]: Instancing new MixinPlatformAgentMinecraftForge for SecureJarResource(jankson)
[02Aug2026 00:38:16.403] [main/DEBUG] [mixin/]: MixinPlatformAgentMinecraftForge rejected container SecureJarResource(jankson)
[02Aug2026 00:38:16.403] [main/DEBUG] [mixin/]: Instancing new MixinPlatformAgentDefault for SecureJarResource(jankson)
[02Aug2026 00:38:16.403] [main/DEBUG] [mixin/]: MixinPlatformAgentDefault accepted container SecureJarResource(jankson)
[02Aug2026 00:38:16.403] [main/DEBUG] [mixin/]: Processing prepare() for PlatformAgent[MixinPlatformAgentDefault:SecureJarResource(jankson)]
[02Aug2026 00:38:16.403] [main/DEBUG] [mixin/]: Adding mixin platform agents for container SecureJarResource(jcpp)
[02Aug2026 00:38:16.403] [main/DEBUG] [mixin/]: Instancing new MixinPlatformAgentMinecraftForge for SecureJarResource(jcpp)
[02Aug2026 00:38:16.403] [main/DEBUG] [mixin/]: MixinPlatformAgentMinecraftForge rejected container SecureJarResource(jcpp)
[02Aug2026 00:38:16.403] [main/DEBUG] [mixin/]: Instancing new MixinPlatformAgentDefault for SecureJarResource(jcpp)
[02Aug2026 00:38:16.403] [main/DEBUG] [mixin/]: MixinPlatformAgentDefault accepted container SecureJarResource(jcpp)
[02Aug2026 00:38:16.403] [main/DEBUG] [mixin/]: Processing prepare() for PlatformAgent[MixinPlatformAgentDefault:SecureJarResource(jcpp)]
[02Aug2026 00:38:16.403] [main/DEBUG] [mixin/]: Adding mixin platform agents for container SecureJarResource(space.arim.dazzleconf.ext.snakeyaml)
[02Aug2026 00:38:16.403] [main/DEBUG] [mixin/]: Instancing new MixinPlatformAgentMinecraftForge for SecureJarResource(space.arim.dazzleconf.ext.snakeyaml)
[02Aug2026 00:38:16.403] [main/DEBUG] [mixin/]: MixinPlatformAgentMinecraftForge rejected container SecureJarResource(space.arim.dazzleconf.ext.snakeyaml)
[02Aug2026 00:38:16.403] [main/DEBUG] [mixin/]: Instancing new MixinPlatformAgentDefault for SecureJarResource(space.arim.dazzleconf.ext.snakeyaml)
[02Aug2026 00:38:16.403] [main/DEBUG] [mixin/]: MixinPlatformAgentDefault accepted container SecureJarResource(space.arim.dazzleconf.ext.snakeyaml)
[02Aug2026 00:38:16.403] [main/DEBUG] [mixin/]: Processing prepare() for PlatformAgent[MixinPlatformAgentDefault:SecureJarResource(space.arim.dazzleconf.ext.snakeyaml)]
[02Aug2026 00:38:16.403] [main/DEBUG] [mixin/]: Adding mixin platform agents for container SecureJarResource(thedarkcolour.kotlinforforge.kfflib)
[02Aug2026 00:38:16.403] [main/DEBUG] [mixin/]: Instancing new MixinPlatformAgentMinecraftForge for SecureJarResource(thedarkcolour.kotlinforforge.kfflib)
[02Aug2026 00:38:16.403] [main/DEBUG] [mixin/]: MixinPlatformAgentMinecraftForge rejected container SecureJarResource(thedarkcolour.kotlinforforge.kfflib)
[02Aug2026 00:38:16.403] [main/DEBUG] [mixin/]: Instancing new MixinPlatformAgentDefault for SecureJarResource(thedarkcolour.kotlinforforge.kfflib)
[02Aug2026 00:38:16.404] [main/DEBUG] [mixin/]: MixinPlatformAgentDefault accepted container SecureJarResource(thedarkcolour.kotlinforforge.kfflib)
[02Aug2026 00:38:16.404] [main/DEBUG] [mixin/]: Processing prepare() for PlatformAgent[MixinPlatformAgentDefault:SecureJarResource(thedarkcolour.kotlinforforge.kfflib)]
[02Aug2026 00:38:16.404] [main/DEBUG] [mixin/]: Adding mixin platform agents for container SecureJarResource(com.madgag.gif.fmsware)
[02Aug2026 00:38:16.404] [main/DEBUG] [mixin/]: Instancing new MixinPlatformAgentMinecraftForge for SecureJarResource(com.madgag.gif.fmsware)
[02Aug2026 00:38:16.404] [main/DEBUG] [mixin/]: MixinPlatformAgentMinecraftForge rejected container SecureJarResource(com.madgag.gif.fmsware)
[02Aug2026 00:38:16.404] [main/DEBUG] [mixin/]: Instancing new MixinPlatformAgentDefault for SecureJarResource(com.madgag.gif.fmsware)
[02Aug2026 00:38:16.404] [main/DEBUG] [mixin/]: MixinPlatformAgentDefault accepted container SecureJarResource(com.madgag.gif.fmsware)
[02Aug2026 00:38:16.404] [main/DEBUG] [mixin/]: Processing prepare() for PlatformAgent[MixinPlatformAgentDefault:SecureJarResource(com.madgag.gif.fmsware)]
[02Aug2026 00:38:16.404] [main/DEBUG] [mixin/]: Adding mixin platform agents for container SecureJarResource(MixinExtras)
[02Aug2026 00:38:16.404] [main/DEBUG] [mixin/]: Instancing new MixinPlatformAgentMinecraftForge for SecureJarResource(MixinExtras)
[02Aug2026 00:38:16.404] [main/DEBUG] [mixin/]: MixinPlatformAgentMinecraftForge rejected container SecureJarResource(MixinExtras)
[02Aug2026 00:38:16.404] [main/DEBUG] [mixin/]: Instancing new MixinPlatformAgentDefault for SecureJarResource(MixinExtras)
[02Aug2026 00:38:16.404] [main/DEBUG] [mixin/]: MixinPlatformAgentDefault accepted container SecureJarResource(MixinExtras)
[02Aug2026 00:38:16.404] [main/DEBUG] [mixin/]: Processing prepare() for PlatformAgent[MixinPlatformAgentDefault:SecureJarResource(MixinExtras)]
[02Aug2026 00:38:16.404] [main/DEBUG] [mixin/]: Adding mixin platform agents for container SecureJarResource(tomlkt.jvm)
[02Aug2026 00:38:16.404] [main/DEBUG] [mixin/]: Instancing new MixinPlatformAgentMinecraftForge for SecureJarResource(tomlkt.jvm)
[02Aug2026 00:38:16.404] [main/DEBUG] [mixin/]: MixinPlatformAgentMinecraftForge rejected container SecureJarResource(tomlkt.jvm)
[02Aug2026 00:38:16.404] [main/DEBUG] [mixin/]: Instancing new MixinPlatformAgentDefault for SecureJarResource(tomlkt.jvm)
[02Aug2026 00:38:16.404] [main/DEBUG] [mixin/]: MixinPlatformAgentDefault accepted container SecureJarResource(tomlkt.jvm)
[02Aug2026 00:38:16.404] [main/DEBUG] [mixin/]: Processing prepare() for PlatformAgent[MixinPlatformAgentDefault:SecureJarResource(tomlkt.jvm)]
[02Aug2026 00:38:16.404] [main/DEBUG] [mixin/]: Adding mixin platform agents for container SecureJarResource(Reflect)
[02Aug2026 00:38:16.404] [main/DEBUG] [mixin/]: Instancing new MixinPlatformAgentMinecraftForge for SecureJarResource(Reflect)
[02Aug2026 00:38:16.404] [main/DEBUG] [mixin/]: MixinPlatformAgentMinecraftForge rejected container SecureJarResource(Reflect)
[02Aug2026 00:38:16.404] [main/DEBUG] [mixin/]: Instancing new MixinPlatformAgentDefault for SecureJarResource(Reflect)
[02Aug2026 00:38:16.404] [main/DEBUG] [mixin/]: MixinPlatformAgentDefault accepted container SecureJarResource(Reflect)
[02Aug2026 00:38:16.404] [main/DEBUG] [mixin/]: Processing prepare() for PlatformAgent[MixinPlatformAgentDefault:SecureJarResource(Reflect)]
[02Aug2026 00:38:16.404] [main/DEBUG] [mixin/]: inject() running with 70 agents
[02Aug2026 00:38:16.404] [main/DEBUG] [mixin/]: Processing inject() for PlatformAgent[MixinPlatformAgentDefault:ModLauncher Root Container(ModLauncher:4f56a0a2)]
[02Aug2026 00:38:16.404] [main/DEBUG] [mixin/]: Processing inject() for PlatformAgent[MixinPlatformAgentDefault:SecureJarResource(weaponmaster_ydm)]
[02Aug2026 00:38:16.404] [main/DEBUG] [mixin/]: Processing inject() for PlatformAgent[MixinPlatformAgentDefault:SecureJarResource(bhmenu)]
[02Aug2026 00:38:16.404] [main/DEBUG] [mixin/]: Processing inject() for PlatformAgent[MixinPlatformAgentDefault:SecureJarResource(doubledoors)]
[02Aug2026 00:38:16.404] [main/DEBUG] [mixin/]: Processing inject() for PlatformAgent[MixinPlatformAgentDefault:SecureJarResource(kuma_api)]
[02Aug2026 00:38:16.404] [main/DEBUG] [mixin/]: Processing inject() for PlatformAgent[MixinPlatformAgentDefault:SecureJarResource(fastload)]
[02Aug2026 00:38:16.404] [main/DEBUG] [mixin/]: Processing inject() for PlatformAgent[MixinPlatformAgentDefault:SecureJarResource(pamhc2trees)]
[02Aug2026 00:38:16.404] [main/DEBUG] [mixin/]: Processing inject() for PlatformAgent[MixinPlatformAgentDefault:SecureJarResource(geckolib)]
[02Aug2026 00:38:16.404] [main/DEBUG] [mixin/]: Processing inject() for PlatformAgent[MixinPlatformAgentDefault:SecureJarResource(playeranimator)]
[02Aug2026 00:38:16.404] [main/DEBUG] [mixin/]: Processing inject() for PlatformAgent[MixinPlatformAgentDefault:SecureJarResource(lithostitched)]
[02Aug2026 00:38:16.404] [main/DEBUG] [mixin/]: Processing inject() for PlatformAgent[MixinPlatformAgentDefault:SecureJarResource(subtle_effects)]
[02Aug2026 00:38:16.404] [main/DEBUG] [mixin/]: Processing inject() for PlatformAgent[MixinPlatformAgentDefault:SecureJarResource(dynamiclights)]
[02Aug2026 00:38:16.404] [main/DEBUG] [mixin/]: Processing inject() for PlatformAgent[MixinPlatformAgentDefault:SecureJarResource(paxi)]
[02Aug2026 00:38:16.404] [main/DEBUG] [mixin/]: Processing inject() for PlatformAgent[MixinPlatformAgentDefault:SecureJarResource(nochatrestrictions)]
[02Aug2026 00:38:16.404] [main/DEBUG] [mixin/]: Processing inject() for PlatformAgent[MixinPlatformAgentDefault:SecureJarResource(waystones)]
[02Aug2026 00:38:16.404] [main/DEBUG] [mixin/]: Processing inject() for PlatformAgent[MixinPlatformAgentDefault:SecureJarResource(modernfix)]
[02Aug2026 00:38:16.404] [main/DEBUG] [mixin/]: Processing inject() for PlatformAgent[MixinPlatformAgentDefault:SecureJarResource(citadel)]
[02Aug2026 00:38:16.405] [main/DEBUG] [mixin/]: Processing inject() for PlatformAgent[MixinPlatformAgentDefault:SecureJarResource(alexsmobs)]
[02Aug2026 00:38:16.405] [main/DEBUG] [mixin/]: Processing inject() for PlatformAgent[MixinPlatformAgentDefault:SecureJarResource(travelersbackpack)]
[02Aug2026 00:38:16.405] [main/DEBUG] [mixin/]: Processing inject() for PlatformAgent[MixinPlatformAgentDefault:SecureJarResource(yungsapi)]
[02Aug2026 00:38:16.405] [main/DEBUG] [mixin/]: Processing inject() for PlatformAgent[MixinPlatformAgentDefault:SecureJarResource(mixinextras)]
[02Aug2026 00:38:16.405] [main/DEBUG] [mixin/]: Processing inject() for PlatformAgent[MixinPlatformAgentDefault:SecureJarResource(myserveriscompatible)]
[02Aug2026 00:38:16.405] [main/DEBUG] [mixin/]: Processing inject() for PlatformAgent[MixinPlatformAgentDefault:SecureJarResource(starlight)]
[02Aug2026 00:38:16.405] [main/DEBUG] [mixin/]: Processing inject() for PlatformAgent[MixinPlatformAgentDefault:SecureJarResource(explorerscompass)]
[02Aug2026 00:38:16.405] [main/DEBUG] [mixin/]: Processing inject() for PlatformAgent[MixinPlatformAgentDefault:SecureJarResource(balm)]
[02Aug2026 00:38:16.405] [main/DEBUG] [mixin/]: Processing inject() for PlatformAgent[MixinPlatformAgentDefault:SecureJarResource(melody)]
[02Aug2026 00:38:16.407] [main/DEBUG] [mixin/]: Processing inject() for PlatformAgent[MixinPlatformAgentDefault:SecureJarResource(forge)]
[02Aug2026 00:38:16.407] [main/DEBUG] [mixin/]: Processing inject() for PlatformAgent[MixinPlatformAgentDefault:SecureJarResource(fzzy_config)]
[02Aug2026 00:38:16.408] [main/DEBUG] [mixin/]: Processing inject() for PlatformAgent[MixinPlatformAgentDefault:SecureJarResource(konkrete)]
[02Aug2026 00:38:16.408] [main/DEBUG] [mixin/]: Processing inject() for PlatformAgent[MixinPlatformAgentDefault:SecureJarResource(embeddium)]
[02Aug2026 00:38:16.408] [main/DEBUG] [mixin/]: Processing inject() for PlatformAgent[MixinPlatformAgentDefault:SecureJarResource(minecraft)]
[02Aug2026 00:38:16.408] [main/DEBUG] [mixin/]: Processing inject() for PlatformAgent[MixinPlatformAgentDefault:SecureJarResource(tconstruct)]
[02Aug2026 00:38:16.408] [main/DEBUG] [mixin/]: Processing inject() for PlatformAgent[MixinPlatformAgentDefault:SecureJarResource(entity_model_features)]
[02Aug2026 00:38:16.408] [main/DEBUG] [mixin/]: Processing inject() for PlatformAgent[MixinPlatformAgentDefault:SecureJarResource(emi)]
[02Aug2026 00:38:16.408] [main/DEBUG] [mixin/]: Processing inject() for PlatformAgent[MixinPlatformAgentDefault:SecureJarResource(entity_texture_features)]
[02Aug2026 00:38:16.408] [main/DEBUG] [mixin/]: Processing inject() for PlatformAgent[MixinPlatformAgentDefault:SecureJarResource(jade)]
[02Aug2026 00:38:16.408] [main/DEBUG] [mixin/]: Processing inject() for PlatformAgent[MixinPlatformAgentDefault:SecureJarResource(shouldersurfing)]
[02Aug2026 00:38:16.408] [main/DEBUG] [mixin/]: Processing inject() for PlatformAgent[MixinPlatformAgentDefault:SecureJarResource(servercore)]
[02Aug2026 00:38:16.408] [main/DEBUG] [mixin/]: Processing inject() for PlatformAgent[MixinPlatformAgentDefault:SecureJarResource(kotlinforforge)]
[02Aug2026 00:38:16.408] [main/DEBUG] [mixin/]: Processing inject() for PlatformAgent[MixinPlatformAgentDefault:SecureJarResource(mantle)]
[02Aug2026 00:38:16.408] [main/DEBUG] [mixin/]: Processing inject() for PlatformAgent[MixinPlatformAgentDefault:SecureJarResource(oculus)]
[02Aug2026 00:38:16.408] [main/DEBUG] [mixin/]: Processing inject() for PlatformAgent[MixinPlatformAgentDefault:SecureJarResource(gravestone)]
[02Aug2026 00:38:16.408] [main/DEBUG] [mixin/]: Processing inject() for PlatformAgent[MixinPlatformAgentDefault:SecureJarResource(cullleaves)]
[02Aug2026 00:38:16.408] [main/DEBUG] [mixin/]: Processing inject() for PlatformAgent[MixinPlatformAgentDefault:SecureJarResource(midnightlib)]
[02Aug2026 00:38:16.408] [main/DEBUG] [mixin/]: Processing inject() for PlatformAgent[MixinPlatformAgentDefault:SecureJarResource(collective)]
[02Aug2026 00:38:16.408] [main/DEBUG] [mixin/]: Processing inject() for PlatformAgent[MixinPlatformAgentDefault:SecureJarResource(fancymenu)]
[02Aug2026 00:38:16.408] [main/DEBUG] [mixin/]: Processing inject() for PlatformAgent[MixinPlatformAgentDefault:SecureJarResource(immediatelyfast)]
[02Aug2026 00:38:16.408] [main/DEBUG] [mixin/]: Processing inject() for PlatformAgent[MixinPlatformAgentDefault:SecureJarResource(ferritecore)]
[02Aug2026 00:38:16.408] [main/DEBUG] [mixin/]: Processing inject() for PlatformAgent[MixinPlatformAgentDefault:SecureJarResource(embeddium_extra)]
[02Aug2026 00:38:16.408] [main/DEBUG] [mixin/]: Processing inject() for PlatformAgent[MixinPlatformAgentDefault:SecureJarResource(aquaculture)]
[02Aug2026 00:38:16.408] [main/DEBUG] [mixin/]: Processing inject() for PlatformAgent[MixinPlatformAgentDefault:SecureJarResource(kimetsunoyaiba)]
[02Aug2026 00:38:16.408] [main/DEBUG] [mixin/]: Processing inject() for PlatformAgent[MixinPlatformAgentDefault:SecureJarResource(chunksfadein)]
[02Aug2026 00:38:16.408] [main/DEBUG] [mixin/]: Processing inject() for PlatformAgent[MixinPlatformAgentDefault:SecureJarResource(badoptimizations)]
[02Aug2026 00:38:16.408] [main/DEBUG] [mixin/]: Processing inject() for PlatformAgent[MixinPlatformAgentDefault:SecureJarResource(cosmeticarmorreworked)]
[02Aug2026 00:38:16.408] [main/DEBUG] [mixin/]: Processing inject() for PlatformAgent[MixinPlatformAgentDefault:SecureJarResource(yeetusexperimentus)]
[02Aug2026 00:38:16.408] [main/DEBUG] [mixin/]: Processing inject() for PlatformAgent[MixinPlatformAgentDefault:SecureJarResource(explosiveenhancement)]
[02Aug2026 00:38:16.408] [main/DEBUG] [mixin/]: Processing inject() for PlatformAgent[MixinPlatformAgentDefault:SecureJarResource(mclib)]
[02Aug2026 00:38:16.408] [main/DEBUG] [mixin/]: Processing inject() for PlatformAgent[MixinPlatformAgentDefault:SecureJarResource(japng)]
[02Aug2026 00:38:16.409] [main/DEBUG] [mixin/]: Processing inject() for PlatformAgent[MixinPlatformAgentDefault:SecureJarResource(NanoLiveConfig)]
[02Aug2026 00:38:16.409] [main/DEBUG] [mixin/]: Processing inject() for PlatformAgent[MixinPlatformAgentDefault:SecureJarResource(MixinConstraints)]
[02Aug2026 00:38:16.409] [main/DEBUG] [mixin/]: Processing inject() for PlatformAgent[MixinPlatformAgentDefault:SecureJarResource(space.arim.dazzleconf)]
[02Aug2026 00:38:16.409] [main/DEBUG] [mixin/]: Processing inject() for PlatformAgent[MixinPlatformAgentDefault:SecureJarResource(org.yaml.snakeyaml)]
[02Aug2026 00:38:16.409] [main/DEBUG] [mixin/]: Processing inject() for PlatformAgent[MixinPlatformAgentDefault:SecureJarResource(jankson)]
[02Aug2026 00:38:16.409] [main/DEBUG] [mixin/]: Processing inject() for PlatformAgent[MixinPlatformAgentDefault:SecureJarResource(jcpp)]
[02Aug2026 00:38:16.409] [main/DEBUG] [mixin/]: Processing inject() for PlatformAgent[MixinPlatformAgentDefault:SecureJarResource(space.arim.dazzleconf.ext.snakeyaml)]
[02Aug2026 00:38:16.409] [main/DEBUG] [mixin/]: Processing inject() for PlatformAgent[MixinPlatformAgentDefault:SecureJarResource(thedarkcolour.kotlinforforge.kfflib)]
[02Aug2026 00:38:16.409] [main/DEBUG] [mixin/]: Processing inject() for PlatformAgent[MixinPlatformAgentDefault:SecureJarResource(com.madgag.gif.fmsware)]
[02Aug2026 00:38:16.409] [main/DEBUG] [mixin/]: Processing inject() for PlatformAgent[MixinPlatformAgentDefault:SecureJarResource(MixinExtras)]
[02Aug2026 00:38:16.409] [main/DEBUG] [mixin/]: Processing inject() for PlatformAgent[MixinPlatformAgentDefault:SecureJarResource(tomlkt.jvm)]
[02Aug2026 00:38:16.409] [main/DEBUG] [mixin/]: Processing inject() for PlatformAgent[MixinPlatformAgentDefault:SecureJarResource(Reflect)]
[02Aug2026 00:38:16.446] [main/DEBUG] [mixin/]: Error cleaning class output directory: .mixin.out
[02Aug2026 00:38:16.448] [main/DEBUG] [mixin/]: Preparing mixins for MixinEnvironment[PREINIT]
[02Aug2026 00:38:16.453] [main/INFO] [mixin/]: Successfully loaded Mixin Connector [ca.spottedleaf.starlight.mixin.MixinConnector]
[02Aug2026 00:38:16.454] [main/INFO] [cpw.mods.modlauncher.LaunchServiceHandler/MODLAUNCHER]: Launching target 'forgeserver' with arguments [nogui]
[02Aug2026 00:38:16.456] [main/DEBUG] [mixin/]: Preparing mixins for MixinEnvironment[DEFAULT]
[02Aug2026 00:38:16.456] [main/DEBUG] [mixin/]: Selecting config weaponmaster_ydm.mixins.json
[02Aug2026 00:38:16.461] [main/DEBUG] [mixin/]: Selecting config bhmenu.mixins.json
[02Aug2026 00:38:16.463] [main/DEBUG] [mixin/]: Selecting config doubledoors_forge.mixins.json
[02Aug2026 00:38:16.467] [main/DEBUG] [mixin/]: Selecting config kuma_api.mixins.json
[02Aug2026 00:38:16.469] [main/DEBUG] [mixin/]: Selecting config kuma_api.forge.mixins.json
[02Aug2026 00:38:16.470] [main/DEBUG] [mixin/]: Selecting config fastload.mixins.json
[02Aug2026 00:38:16.472] [main/DEBUG] [mixin/]: Selecting config geckolib.mixins.json
[02Aug2026 00:38:16.473] [main/DEBUG] [mixin/]: Selecting config playerAnimator-common.mixins.json
[02Aug2026 00:38:16.477] [main/DEBUG] [mixin/]: Selecting config lithostitched.mixins.json
[02Aug2026 00:38:16.478] [main/DEBUG] [mixin/]: Selecting config lithostitched.forge.mixins.json
[02Aug2026 00:38:16.480] [main/DEBUG] [mixin/]: Selecting config subtle_effects.mixins.json
[02Aug2026 00:38:16.496] [main/DEBUG] [mixin/]: Selecting config subtle_effects.forge.mixins.json
[02Aug2026 00:38:16.501] [main/DEBUG] [mixin/]: Selecting config paxi.mixins.json
[02Aug2026 00:38:16.502] [main/DEBUG] [mixin/]: Selecting config paxi_forge.mixins.json
[02Aug2026 00:38:16.504] [main/DEBUG] [mixin/]: Selecting config nochatrestrictions.mixins.json
[02Aug2026 00:38:16.505] [main/DEBUG] [mixin/]: Selecting config waystones.mixins.json
[02Aug2026 00:38:16.506] [main/DEBUG] [mixin/]: Selecting config modernfix-modernfix.mixins.json
[02Aug2026 00:38:16.694] [main/INFO] [ModernFix/]: Loaded configuration file for ModernFix 5.27.66+mc1.20.1: 110 options available, 0 override(s) found
[02Aug2026 00:38:16.695] [main/INFO] [ModernFix/]: Applying Nashorn fix
[02Aug2026 00:38:16.715] [main/INFO] [ModernFix/]: Applied Forge config corruption patch
[02Aug2026 00:38:16.737] [main/DEBUG] [mixin/]: Selecting config citadel.mixins.json
[02Aug2026 00:38:16.740] [main/DEBUG] [mixin/]: Selecting config mixins.travelersbackpack.json
[02Aug2026 00:38:16.741] [main/DEBUG] [mixin/]: Selecting config yungsapi.mixins.json
[02Aug2026 00:38:16.743] [main/DEBUG] [mixin/]: Selecting config yungsapi_forge.mixins.json
[02Aug2026 00:38:16.745] [main/DEBUG] [mixin/]: Selecting config mixinextras.init.mixins.json
[02Aug2026 00:38:16.768] [main/DEBUG] [MixinExtras|Service/]: com.llamalad7.mixinextras.service.MixinExtrasServiceImpl(version=0.4.1) is taking over from null
[02Aug2026 00:38:16.845] [main/DEBUG] [mixin/]: Registering new injector for @Inject with org.spongepowered.asm.mixin.injection.struct.CallbackInjectionInfo
[02Aug2026 00:38:16.847] [main/DEBUG] [mixin/]: Registering new injector for @ModifyArg with org.spongepowered.asm.mixin.injection.struct.ModifyArgInjectionInfo
[02Aug2026 00:38:16.848] [main/DEBUG] [mixin/]: Registering new injector for @ModifyArgs with org.spongepowered.asm.mixin.injection.struct.ModifyArgsInjectionInfo
[02Aug2026 00:38:16.850] [main/DEBUG] [mixin/]: Registering new injector for @Redirect with org.spongepowered.asm.mixin.injection.struct.RedirectInjectionInfo
[02Aug2026 00:38:16.851] [main/DEBUG] [mixin/]: Registering new injector for @ModifyVariable with org.spongepowered.asm.mixin.injection.struct.ModifyVariableInjectionInfo
[02Aug2026 00:38:16.852] [main/DEBUG] [mixin/]: Registering new injector for @ModifyConstant with org.spongepowered.asm.mixin.injection.struct.ModifyConstantInjectionInfo
[02Aug2026 00:38:16.863] [main/DEBUG] [mixin/]: Selecting config myserveriscompatible.mixins.json
[02Aug2026 00:38:16.865] [main/DEBUG] [mixin/]: Selecting config starlight.mixins.json
[02Aug2026 00:38:16.867] [main/DEBUG] [mixin/]: Selecting config balm.mixins.json
[02Aug2026 00:38:16.868] [main/DEBUG] [mixin/]: Selecting config melody.mixins.json
[02Aug2026 00:38:16.871] [main/DEBUG] [mixin/]: Selecting config melody.forge.mixins.json
[02Aug2026 00:38:16.874] [main/DEBUG] [mixin/]: Selecting config konkrete.mixin.json
[02Aug2026 00:38:16.877] [main/DEBUG] [mixin/]: Selecting config embeddium.mixins.json
[02Aug2026 00:38:16.884] [main/INFO] [Embeddium/]: Loaded configuration file for Embeddium: 100 options available, 3 override(s) found
[02Aug2026 00:38:16.891] [main/DEBUG] [mixin/]: Selecting config entity_model_features.mixins.json
[02Aug2026 00:38:16.896] [main/DEBUG] [mixin/]: Selecting config emi.mixins.json
[02Aug2026 00:38:16.901] [main/DEBUG] [mixin/]: Selecting config emi-forge.mixins.json
[02Aug2026 00:38:16.902] [main/DEBUG] [mixin/]: Selecting config entity_texture_features.mixins.json
[02Aug2026 00:38:16.905] [main/DEBUG] [mixin/]: Selecting config jade.mixins.json
[02Aug2026 00:38:16.906] [main/DEBUG] [mixin/]: Selecting config shouldersurfing.api-legacy.mixins.json
[02Aug2026 00:38:16.908] [main/DEBUG] [mixin/]: Selecting config shouldersurfing.common.mixins.json
[02Aug2026 00:38:16.910] [main/DEBUG] [mixin/]: Selecting config shouldersurfing.common.compat.mixins.json
[02Aug2026 00:38:16.912] [main/DEBUG] [mixin/]: Selecting config shouldersurfing.forge.mixins.json
[02Aug2026 00:38:16.915] [main/DEBUG] [mixin/]: Selecting config shouldersurfing.forge.compat.mixins.json
[02Aug2026 00:38:16.918] [main/DEBUG] [mixin/]: Selecting config servercore.common.mixins.json
[02Aug2026 00:38:17.091] [main/DEBUG] [mixin/]: Selecting config mixins.oculus.json
[02Aug2026 00:38:17.096] [main/DEBUG] [mixin/]: Selecting config mixins.oculus.fantastic.json
[02Aug2026 00:38:17.100] [main/DEBUG] [mixin/]: Selecting config mixins.oculus.vertexformat.json
[02Aug2026 00:38:17.103] [main/DEBUG] [mixin/]: Selecting config mixins.oculus.bettermipmaps.json
[02Aug2026 00:38:17.107] [main/DEBUG] [mixin/]: Selecting config mixins.oculus.fixes.maxfpscrash.json
[02Aug2026 00:38:17.110] [main/DEBUG] [mixin/]: Selecting config oculus-batched-entity-rendering.mixins.json
[02Aug2026 00:38:17.114] [main/DEBUG] [mixin/]: Selecting config mixins.oculus.compat.sodium.json
[02Aug2026 00:38:17.117] [main/DEBUG] [mixin/]: Selecting config mixins.oculus.compat.indigo.json
[02Aug2026 00:38:17.121] [main/DEBUG] [mixin/]: Selecting config mixins.oculus.compat.indium.json
[02Aug2026 00:38:17.125] [main/DEBUG] [mixin/]: Selecting config mixins.oculus.compat.dh.json
[02Aug2026 00:38:17.128] [main/DEBUG] [mixin/]: Selecting config mixins.oculus.compat.pixelmon.json
[02Aug2026 00:38:17.131] [main/DEBUG] [mixin/]: Selecting config cullleaves.mixins.json
[02Aug2026 00:38:17.133] [main/DEBUG] [mixin/]: Selecting config cullleaves-neoforge.mixins.json
[02Aug2026 00:38:17.134] [main/DEBUG] [mixin/]: Selecting config midnightlib.mixins.json
[02Aug2026 00:38:17.135] [main/DEBUG] [mixin/]: Selecting config collective_forge.mixins.json
[02Aug2026 00:38:17.137] [main/DEBUG] [mixin/]: Selecting config fancymenu.mixins.json
[02Aug2026 00:38:17.141] [main/DEBUG] [mixin/]: Selecting config fancymenu.forge.mixins.json
[02Aug2026 00:38:17.144] [main/DEBUG] [mixin/]: Selecting config immediatelyfast-common.mixins.json
[02Aug2026 00:38:17.160] [main/DEBUG] [mixin/]: Selecting config immediatelyfast-forge.mixins.json
[02Aug2026 00:38:17.161] [main/DEBUG] [mixin/]: Selecting config ferritecore.predicates.mixin.json
[02Aug2026 00:38:17.174] [main/DEBUG] [mixin/]: Selecting config ferritecore.fastmap.mixin.json
[02Aug2026 00:38:17.176] [main/DEBUG] [mixin/]: Selecting config ferritecore.mrl.mixin.json
[02Aug2026 00:38:17.178] [main/DEBUG] [mixin/]: Selecting config ferritecore.dedupmultipart.mixin.json
[02Aug2026 00:38:17.180] [main/DEBUG] [mixin/]: Selecting config ferritecore.blockstatecache.mixin.json
[02Aug2026 00:38:17.181] [main/DEBUG] [mixin/]: Selecting config ferritecore.dedupbakedquad.mixin.json
[02Aug2026 00:38:17.183] [main/DEBUG] [mixin/]: Selecting config ferritecore.threaddetec.mixin.json
[02Aug2026 00:38:17.185] [main/DEBUG] [mixin/]: Selecting config ferritecore.modelsides.mixin.json
[02Aug2026 00:38:17.187] [main/DEBUG] [mixin/]: Selecting config sodium-extra.mixins.json
[02Aug2026 00:38:17.201] [main/INFO] [Embeddium Extra/]: Loaded configuration file for Sodium Extra: 35 options available, 0 override(s) found
[02Aug2026 00:38:17.203] [main/DEBUG] [mixin/]: Selecting config mixins.kimetsunoyaiba.json
[02Aug2026 00:38:17.205] [main/WARN] [mixin/]: Reference map 'mixins.kimetsunoyaiba.refmap.json' for mixins.kimetsunoyaiba.json could not be read. If this is a development environment you can ignore this message
[02Aug2026 00:38:17.205] [main/DEBUG] [mixin/]: Selecting config chunksfadein_dh.mixins.json
[02Aug2026 00:38:17.208] [main/DEBUG] [mixin/]: Selecting config chunksfadein_iris.mixins.json
[02Aug2026 00:38:17.209] [main/DEBUG] [mixin/]: Selecting config chunksfadein_mc.mixins.json
[02Aug2026 00:38:17.211] [main/DEBUG] [mixin/]: Selecting config chunksfadein_sodium.mixins.json
[02Aug2026 00:38:17.212] [main/DEBUG] [mixin/]: Selecting config forge-badoptimizations.mixins.json
[02Aug2026 00:38:17.216] [main/DEBUG] [mixin/]: Selecting config yeetusexperimentus.mixins.json
[02Aug2026 00:38:17.217] [main/DEBUG] [mixin/]: Selecting config explosiveenhancement.mixins.json
[02Aug2026 00:38:17.219] [main/DEBUG] [mixin/]: Preparing weaponmaster_ydm.mixins.json (3)
[02Aug2026 00:38:17.273] [main/DEBUG] [mixin/]: Preparing bhmenu.mixins.json (2)
[02Aug2026 00:38:17.273] [main/DEBUG] [mixin/]: Preparing doubledoors_forge.mixins.json (4)
[02Aug2026 00:38:17.286] [main/DEBUG] [mixin/]: Preparing kuma_api.mixins.json (1)
[02Aug2026 00:38:17.287] [main/DEBUG] [mixin/]: Preparing kuma_api.forge.mixins.json (0)
[02Aug2026 00:38:17.287] [main/DEBUG] [mixin/]: Preparing fastload.mixins.json (7)
[02Aug2026 00:38:17.306] [main/DEBUG] [mixin/]: Preparing geckolib.mixins.json (1)
[02Aug2026 00:38:17.307] [main/DEBUG] [mixin/]: Preparing playerAnimator-common.mixins.json (14)
[02Aug2026 00:38:17.307] [main/DEBUG] [mixin/]: Preparing lithostitched.mixins.json (18)
[02Aug2026 00:38:17.364] [main/DEBUG] [net.minecraftforge.coremod.transformer.CoreModBaseTransformer/COREMOD]: Transforming net/minecraft/world/level/levelgen/structure/templatesystem/StructureTemplate
[02Aug2026 00:38:17.684] [main/DEBUG] [mixin/]: Preparing lithostitched.forge.mixins.json (2)
[02Aug2026 00:38:17.688] [main/DEBUG] [mixin/]: Preparing subtle_effects.mixins.json (101)
[02Aug2026 00:38:17.815] [main/DEBUG] [mixin/]: Preparing subtle_effects.forge.mixins.json (16)
[02Aug2026 00:38:17.825] [main/DEBUG] [mixin/]: Preparing paxi.mixins.json (1)
[02Aug2026 00:38:17.827] [main/DEBUG] [mixin/]: Preparing paxi_forge.mixins.json (1)
[02Aug2026 00:38:17.828] [main/DEBUG] [mixin/]: Preparing nochatrestrictions.mixins.json (1)
[02Aug2026 00:38:17.828] [main/DEBUG] [mixin/]: Preparing waystones.mixins.json (3)
[02Aug2026 00:38:17.831] [main/DEBUG] [mixin/]: Preparing modernfix-modernfix.mixins.json (196)
[02Aug2026 00:38:17.831] [main/DEBUG] [ModernFix/]: Skipping mixin devenv.GameDataMixin: disabled by configuration
[02Aug2026 00:38:17.831] [main/DEBUG] [ModernFix/]: Applying mixin bugfix.removed_dimensions.LevelStorageSourceMixin
[02Aug2026 00:38:17.832] [main/DEBUG] [ModernFix/]: Applying mixin bugfix.chunk_deadlock.ServerChunkCache_CurrentLoadingMixin
[02Aug2026 00:38:17.833] [main/DEBUG] [ModernFix/]: Applying mixin bugfix.chunk_deadlock.ChunkMapLoadMixin
[02Aug2026 00:38:17.833] [main/DEBUG] [ModernFix/]: Applying mixin bugfix.chunk_deadlock.EntityMixin
[02Aug2026 00:38:17.834] [main/DEBUG] [ModernFix/]: Applying mixin bugfix.registry_ops_cme.RegistryOpsMemoizedMixin
[02Aug2026 00:38:17.834] [main/DEBUG] [ModernFix/]: Skipping mixin bugfix.unsafe_modded_shape_caches.ShapeCacheCyclicMixin: disabled for mod compat (cyclic)
[02Aug2026 00:38:17.835] [main/DEBUG] [ModernFix/]: Skipping mixin bugfix.unsafe_modded_shape_caches.ShapeCacheRSMixin: disabled for mod compat (refinedstorage)
[02Aug2026 00:38:17.835] [main/DEBUG] [ModernFix/]: Applying mixin bugfix.paper_chunk_patches.SortedArraySetMixin
[02Aug2026 00:38:17.836] [main/DEBUG] [ModernFix/]: Applying mixin bugfix.paper_chunk_patches.ChunkMapMixin
[02Aug2026 00:38:17.837] [main/DEBUG] [ModernFix/]: Skipping mixin bugfix.cofh_core_crash.FlagManagerMixin: disabled for mod compat (cofh_core)
[02Aug2026 00:38:17.837] [main/DEBUG] [ModernFix/]: Skipping mixin bugfix.restore_old_dragon_movement.EnderDragonMixin: disabled by configuration
[02Aug2026 00:38:17.838] [main/DEBUG] [ModernFix/]: Applying mixin bugfix.forge_vehicle_packets.ServerGamePacketListenerImplMixin
[02Aug2026 00:38:17.838] [main/DEBUG] [ModernFix/]: Applying mixin bugfix.concurrency.NamespacedWrapperMixin
[02Aug2026 00:38:17.839] [main/DEBUG] [ModernFix/]: Applying mixin bugfix.concurrency.MappedRegistryMixin
[02Aug2026 00:38:17.839] [main/DEBUG] [ModernFix/]: Applying mixin bugfix.concurrency.ForgeRegistryTagManagerMixin
[02Aug2026 00:38:17.839] [main/DEBUG] [ModernFix/]: Applying mixin feature.measure_time.SimpleReloadInstanceMixin
[02Aug2026 00:38:17.840] [main/DEBUG] [ModernFix/]: Applying mixin feature.measure_time.AddReloadListenerEventWrapperMixin
[02Aug2026 00:38:17.841] [main/DEBUG] [ModernFix/]: Applying mixin feature.measure_time.BootstrapMixin
[02Aug2026 00:38:17.841] [main/DEBUG] [ModernFix/]: Applying mixin feature.measure_time.WorldLoaderMixin
[02Aug2026 00:38:17.842] [main/DEBUG] [ModernFix/]: Applying mixin feature.measure_time.ProfiledReloadInstanceMixin
[02Aug2026 00:38:17.843] [main/DEBUG] [ModernFix/]: Applying mixin feature.mcfunction_profiling.ServerFunctionManagerMixin
[02Aug2026 00:38:17.843] [main/DEBUG] [ModernFix/]: Applying mixin feature.branding.BrandingControlMixin
[02Aug2026 00:38:17.844] [main/DEBUG] [ModernFix/]: Skipping mixin feature.blockentity_incorrect_thread.ChunkAccessMixin: disabled by configuration
[02Aug2026 00:38:17.844] [main/DEBUG] [ModernFix/]: Skipping mixin feature.blockentity_incorrect_thread.LevelThreadAccessor: disabled by configuration
[02Aug2026 00:38:17.844] [main/DEBUG] [ModernFix/]: Skipping mixin feature.cause_lag_by_disabling_threads.UtilMixin: disabled by configuration
[02Aug2026 00:38:17.845] [main/DEBUG] [ModernFix/]: Applying mixin core.BootstrapMixin
[02Aug2026 00:38:17.845] [main/DEBUG] [ModernFix/]: Applying mixin core.MinecraftServerMixin
[02Aug2026 00:38:17.846] [main/DEBUG] [ModernFix/]: Applying mixin core.WorldLoaderMixin
[02Aug2026 00:38:17.846] [main/DEBUG] [ModernFix/]: Applying mixin core.PalettedContainerMixin
[02Aug2026 00:38:17.847] [main/DEBUG] [ModernFix/]: Applying mixin core.NetworkHooksMixin
[02Aug2026 00:38:17.847] [main/DEBUG] [ModernFix/]: Applying mixin core.GameDataMixin
[02Aug2026 00:38:17.848] [main/DEBUG] [ModernFix/]: Applying mixin core.CrashReportAnalyserMixin
[02Aug2026 00:38:17.848] [main/DEBUG] [ModernFix/]: Applying mixin perf.memoize_creative_tab_build.CreativeModeTabMixin
[02Aug2026 00:38:17.849] [main/DEBUG] [ModernFix/]: Skipping mixin perf.ingredient_item_deduplication.IngredientMixin: disabled for mod compat ([feature level: requires BETA])
[02Aug2026 00:38:17.849] [main/DEBUG] [ModernFix/]: Skipping mixin perf.ingredient_item_deduplication.IngredientItemValueMixin: disabled for mod compat ([feature level: requires BETA])
[02Aug2026 00:38:17.849] [main/DEBUG] [ModernFix/]: Applying mixin perf.fix_loop_spin_waiting.MinecraftServerMixin
[02Aug2026 00:38:17.850] [main/DEBUG] [ModernFix/]: Applying mixin perf.tag_id_caching.TagEntryMixin
[02Aug2026 00:38:17.850] [main/DEBUG] [ModernFix/]: Applying mixin perf.tag_id_caching.TagOrElementLocationMixin
[02Aug2026 00:38:17.850] [main/DEBUG] [ModernFix/]: Applying mixin perf.optimize_surface_rules.SurfaceRulesContextMixin
[02Aug2026 00:38:17.851] [main/DEBUG] [ModernFix/]: Skipping mixin perf.optimize_surface_rules.NamespacedSurfaceRuleSourceMixin: disabled for mod compat ([feature level: requires BETA])
[02Aug2026 00:38:17.852] [main/DEBUG] [ModernFix/]: Applying mixin perf.optimize_surface_rules.BiomeManagerAccessor
[02Aug2026 00:38:17.852] [main/DEBUG] [ModernFix/]: Applying mixin perf.optimize_surface_rules.SurfaceSystemMixin
[02Aug2026 00:38:17.853] [main/DEBUG] [ModernFix/]: Applying mixin perf.optimize_surface_rules.NoiseBasedChunkGeneratorMixin
[02Aug2026 00:38:17.854] [main/DEBUG] [ModernFix/]: Applying mixin perf.optimize_surface_rules.BiomeConditionSourceMixin
[02Aug2026 00:38:17.854] [main/DEBUG] [ModernFix/]: Applying mixin perf.compact_imposterprotochunks.ChunkAccessMixin
[02Aug2026 00:38:17.854] [main/DEBUG] [ModernFix/]: Applying mixin perf.compact_imposterprotochunks.ImposterProtoChunkMixin
[02Aug2026 00:38:17.855] [main/DEBUG] [ModernFix/]: Applying mixin perf.smart_ingredient_sync.IngredientMixin
[02Aug2026 00:38:17.855] [main/DEBUG] [ModernFix/]: Applying mixin perf.smart_ingredient_sync.PlayerListMixin
[02Aug2026 00:38:17.856] [main/DEBUG] [ModernFix/]: Applying mixin perf.smart_ingredient_sync.ConnectionMixin
[02Aug2026 00:38:17.857] [main/DEBUG] [ModernFix/]: Applying mixin perf.ticking_chunk_alloc.ChunkHolderMixin
[02Aug2026 00:38:17.857] [main/DEBUG] [ModernFix/]: Applying mixin perf.ticking_chunk_alloc.BatMixin
[02Aug2026 00:38:17.858] [main/DEBUG] [ModernFix/]: Applying mixin perf.ticking_chunk_alloc.ChunkAccessMixin
[02Aug2026 00:38:17.858] [main/DEBUG] [ModernFix/]: Applying mixin perf.faster_ingredients.ForgeHooksMixin
[02Aug2026 00:38:17.859] [main/DEBUG] [ModernFix/]: Applying mixin perf.faster_ingredients.IngredientMixin
[02Aug2026 00:38:17.860] [main/DEBUG] [ModernFix/]: Skipping mixin perf.faster_ingredients.CofhIngredientWithCountMixin: disabled for mod compat (cofh_core)
[02Aug2026 00:38:17.860] [main/DEBUG] [ModernFix/]: Applying mixin perf.forge_registry_alloc.DelegateHolderMixin
[02Aug2026 00:38:17.860] [main/DEBUG] [ModernFix/]: Applying mixin perf.forge_registry_alloc.DelegateHolderMixin
[02Aug2026 00:38:17.860] [main/DEBUG] [ModernFix/]: Applying mixin perf.forge_registry_alloc.DebugLevelSourceMixin
[02Aug2026 00:38:17.861] [main/DEBUG] [ModernFix/]: Applying mixin perf.forge_registry_alloc.ForgeRegistryMixin
[02Aug2026 00:38:17.862] [main/DEBUG] [ModernFix/]: Applying mixin perf.worldgen_allocation.SurfaceRulesContextMixin
[02Aug2026 00:38:17.862] [main/DEBUG] [ModernFix/]: Applying mixin perf.worldgen_allocation.SurfaceRulesMixin
[02Aug2026 00:38:17.862] [main/DEBUG] [ModernFix/]: Applying mixin perf.worldgen_allocation.SurfaceRulesMixin
[02Aug2026 00:38:17.862] [main/DEBUG] [ModernFix/]: Applying mixin perf.worldgen_allocation.SurfaceRulesMixin
[02Aug2026 00:38:17.862] [main/DEBUG] [ModernFix/]: Applying mixin perf.worldgen_allocation.SurfaceRulesMixin
[02Aug2026 00:38:17.862] [main/DEBUG] [ModernFix/]: Applying mixin perf.worldgen_allocation.SurfaceRulesMixin
[02Aug2026 00:38:17.863] [main/DEBUG] [ModernFix/]: Applying mixin perf.worldgen_allocation.SequenceRuleMixin
[02Aug2026 00:38:17.863] [main/DEBUG] [ModernFix/]: Applying mixin perf.worldgen_allocation.NoiseChunkMixin
[02Aug2026 00:38:17.864] [main/DEBUG] [ModernFix/]: Applying mixin perf.worldgen_allocation.MaterialRuleListMixin
[02Aug2026 00:38:17.864] [main/DEBUG] [ModernFix/]: Applying mixin perf.compact_mojang_registries.BlockStateDataMixin
[02Aug2026 00:38:17.865] [main/DEBUG] [ModernFix/]: Applying mixin perf.compact_mojang_registries.MappedRegistryMixin
[02Aug2026 00:38:17.865] [main/DEBUG] [ModernFix/]: Applying mixin perf.compact_mojang_registries.VanillaRegistriesMixin
[02Aug2026 00:38:17.865] [main/DEBUG] [ModernFix/]: Applying mixin perf.cache_blockstate_cache_arrays.AbstractBlockStateCacheMixin
[02Aug2026 00:38:17.866] [main/DEBUG] [ModernFix/]: Applying mixin perf.release_protochunks.ChunkHolderMixin
[02Aug2026 00:38:17.867] [main/DEBUG] [ModernFix/]: Applying mixin perf.release_protochunks.ChunkMapMixin
[02Aug2026 00:38:17.867] [main/DEBUG] [ModernFix/]: Applying mixin perf.release_protochunks.ImposterProtoChunkMixin
[02Aug2026 00:38:17.868] [main/DEBUG] [ModernFix/]: Applying mixin perf.attribute_supplier_dedup.AttributeSupplierBuilderMixin
[02Aug2026 00:38:17.868] [main/DEBUG] [ModernFix/]: Applying mixin perf.attribute_supplier_dedup.AttributeSupplierMixin
[02Aug2026 00:38:17.869] [main/DEBUG] [ModernFix/]: Applying mixin perf.object_holder_cleanup.GameDataMixin
[02Aug2026 00:38:17.869] [main/DEBUG] [ModernFix/]: Applying mixin perf.compact_bit_storage.PalettedContainerMixin
[02Aug2026 00:38:17.870] [main/DEBUG] [ModernFix/]: Applying mixin perf.forge_registry_lambda.RegistryObjectMixin
[02Aug2026 00:38:17.870] [main/DEBUG] [ModernFix/]: Applying mixin perf.faster_structure_location.ServerLevelMixin
[02Aug2026 00:38:17.870] [main/DEBUG] [ModernFix/]: Applying mixin perf.faster_structure_location.StructureCheckMixin
[02Aug2026 00:38:17.871] [main/DEBUG] [ModernFix/]: Skipping mixin perf.dynamic_resources.ForgeHooksClientMixin: disabled by configuration
[02Aug2026 00:38:17.872] [main/DEBUG] [ModernFix/]: Skipping mixin perf.faster_loot_loading.ForgeHooksMixin: disabled for mod compat ([feature level: requires BETA])
[02Aug2026 00:38:17.872] [main/DEBUG] [ModernFix/]: Skipping mixin perf.faster_loot_loading.LootDataManagerMixin: disabled for mod compat ([feature level: requires BETA])
[02Aug2026 00:38:17.873] [main/DEBUG] [ModernFix/]: Applying mixin perf.faster_capabilities.CapabilityDispatcherMixin
[02Aug2026 00:38:17.873] [main/DEBUG] [ModernFix/]: Skipping mixin perf.faster_capabilities.bytecode_analysis.AttachCapabilitiesEventMixin: disabled for mod compat ([feature level: requires BETA])
[02Aug2026 00:38:17.874] [main/DEBUG] [ModernFix/]: Skipping mixin perf.faster_capabilities.bytecode_analysis.ForgeEventFactoryMixin: disabled for mod compat ([feature level: requires BETA])
[02Aug2026 00:38:17.874] [main/DEBUG] [ModernFix/]: Applying mixin perf.datapack_reload_exceptions.RecipeManagerMixin
[02Aug2026 00:38:17.874] [main/DEBUG] [ModernFix/]: Applying mixin perf.fix_handshake_stall.HandshakeHandlerMixin
[02Aug2026 00:38:17.875] [main/DEBUG] [ModernFix/]: Skipping mixin perf.resourcepacks.FilePackResourcesMixin: disabled for mod compat ([feature level: requires BETA])
[02Aug2026 00:38:17.875] [main/DEBUG] [ModernFix/]: Applying mixin perf.resourcepacks.MinecraftServerMixin
[02Aug2026 00:38:17.876] [main/DEBUG] [ModernFix/]: Applying mixin perf.resourcepacks.ForgePathPackResourcesMixin
[02Aug2026 00:38:17.877] [main/DEBUG] [ModernFix/]: Applying mixin perf.cache_upgraded_structures.StructureManagerMixin
[02Aug2026 00:38:17.877] [main/DEBUG] [ModernFix/]: Applying mixin perf.mojang_registry_size.MappedRegistryMixin
[02Aug2026 00:38:17.878] [main/DEBUG] [ModernFix/]: Skipping mixin perf.mojang_registry_size.StateHolderMixin: disabled for mod compat (!ferritecore)
[02Aug2026 00:38:17.878] [main/DEBUG] [ModernFix/]: Applying mixin perf.state_definition_construct.StateDefinitionMixin
[02Aug2026 00:38:17.878] [main/DEBUG] [ModernFix/]: Applying mixin perf.remove_biome_temperature_cache.BiomeMixin
[02Aug2026 00:38:17.879] [main/DEBUG] [ModernFix/]: Skipping mixin perf.remove_spawn_chunks.SortedArraySetMixin: disabled by configuration
[02Aug2026 00:38:17.879] [main/DEBUG] [ModernFix/]: Skipping mixin perf.remove_spawn_chunks.ServerPlayerMixin: disabled by configuration
[02Aug2026 00:38:17.879] [main/DEBUG] [ModernFix/]: Skipping mixin perf.remove_spawn_chunks.EntityMixin: disabled by configuration
[02Aug2026 00:38:17.880] [main/DEBUG] [ModernFix/]: Skipping mixin perf.remove_spawn_chunks.MinecraftServerMixin: disabled by configuration
[02Aug2026 00:38:17.880] [main/DEBUG] [ModernFix/]: Skipping mixin perf.remove_spawn_chunks.ServerLevelMixin: disabled by configuration
[02Aug2026 00:38:17.881] [main/DEBUG] [ModernFix/]: Skipping mixin perf.remove_spawn_chunks.PlayerListMixin: disabled by configuration
[02Aug2026 00:38:17.881] [main/DEBUG] [ModernFix/]: Applying mixin perf.model_optimizations.PropertyMixin
[02Aug2026 00:38:17.881] [main/DEBUG] [ModernFix/]: Applying mixin perf.model_optimizations.BooleanPropertyMixin
[02Aug2026 00:38:17.882] [main/DEBUG] [ModernFix/]: Applying mixin perf.reduce_blockstate_cache_rebuilds.BlockCallbacksMixin
[02Aug2026 00:38:17.882] [main/DEBUG] [ModernFix/]: Applying mixin perf.reduce_blockstate_cache_rebuilds.BlockStateBaseMixin
[02Aug2026 00:38:17.883] [main/DEBUG] [ModernFix/]: Applying mixin perf.reduce_blockstate_cache_rebuilds.BlocksMixin
[02Aug2026 00:38:17.883] [main/DEBUG] [ModernFix/]: Applying mixin perf.potential_spawns_alloc.ForgeEventFactoryMixin
[02Aug2026 00:38:17.884] [main/DEBUG] [ModernFix/]: Applying mixin perf.potential_spawns_alloc.PotentialSpawnsMixin
[02Aug2026 00:38:17.884] [main/DEBUG] [ModernFix/]: Applying mixin perf.thread_priorities.UtilMixin
[02Aug2026 00:38:17.885] [main/DEBUG] [ModernFix/]: Applying mixin perf.dynamic_dfu.BlockEntityTypeMixin
[02Aug2026 00:38:17.885] [main/DEBUG] [ModernFix/]: Applying mixin perf.dynamic_dfu.DataFixTypesMixin
[02Aug2026 00:38:17.886] [main/DEBUG] [ModernFix/]: Applying mixin perf.dynamic_dfu.DataFixersMixin
[02Aug2026 00:38:17.886] [main/DEBUG] [ModernFix/]: Applying mixin perf.dynamic_dfu.EntityTypeBuilderMixin
[02Aug2026 00:38:17.886] [main/DEBUG] [ModernFix/]: Applying mixin perf.dedicated_reload_executor.MinecraftServerMixin
[02Aug2026 00:38:17.887] [main/DEBUG] [ModernFix/]: Skipping mixin perf.cache_strongholds.ConcentricRingsStructurePlacementMixin: disabled for mod compat ([feature level: requires BETA])
[02Aug2026 00:38:17.887] [main/DEBUG] [ModernFix/]: Applying mixin perf.cache_strongholds.ServerLevelMixin
[02Aug2026 00:38:17.889] [main/DEBUG] [ModernFix/]: Applying mixin perf.cache_strongholds.ChunkGeneratorMixin
[02Aug2026 00:38:17.889] [main/DEBUG] [ModernFix/]: Applying mixin perf.fast_registry_validation.ForgeRegistryMixin
[02Aug2026 00:38:17.890] [main/DEBUG] [ModernFix/]: Applying mixin perf.forge_cap_retrieval.AttachCapabilitiesEventMixin
[02Aug2026 00:38:17.890] [main/DEBUG] [ModernFix/]: Applying mixin perf.forge_cap_retrieval.LivingEntityMixin
[02Aug2026 00:38:17.891] [main/DEBUG] [ModernFix/]: Applying mixin perf.deduplicate_wall_shapes.WallBlockMixin
[02Aug2026 00:38:17.891] [main/DEBUG] [ModernFix/]: Applying mixin perf.dynamic_structure_manager.StructureManagerMixin
[02Aug2026 00:38:17.892] [main/DEBUG] [ModernFix/]: Applying mixin perf.fast_forge_dummies.NamespacedHolderHelperMixin
[02Aug2026 00:38:17.893] [main/DEBUG] [ModernFix/]: Skipping mixin perf.kubejs.RecipeEventJSMixin: disabled for mod compat (kubejs)
[02Aug2026 00:38:17.977] [main/DEBUG] [mixin/]: @Mixin target net/minecraft/world/level/levelgen/SurfaceRules$Context is public in modernfix-modernfix.mixins.json:perf.worldgen_allocation.SurfaceRulesContextMixin and should be specified in value
[02Aug2026 00:38:18.039] [main/DEBUG] [net.minecraftforge.coremod.transformer.CoreModBaseTransformer/COREMOD]: Transforming net/minecraft/world/level/biome/Biome
[02Aug2026 00:38:18.105] [main/DEBUG] [mixin/]: Preparing citadel.mixins.json (16)
[02Aug2026 00:38:18.124] [main/DEBUG] [mixin/]: Preparing mixins.travelersbackpack.json (2)
[02Aug2026 00:38:18.124] [main/DEBUG] [mixin/]: Preparing yungsapi.mixins.json (11)
[02Aug2026 00:38:18.127] [main/DEBUG] [yungsapi/]: Loaded com.yungnickyoung.minecraft.yungsapi.services.ForgePlatformHelper@61ab6521 for service interface com.yungnickyoung.minecraft.yungsapi.services.IPlatformHelper
[02Aug2026 00:38:18.129] [main/DEBUG] [yungsapi/]: Loaded com.yungnickyoung.minecraft.yungsapi.services.ForgeAutoRegisterHelper@510da778 for service interface com.yungnickyoung.minecraft.yungsapi.services.IAutoRegisterHelper
[02Aug2026 00:38:18.130] [main/DEBUG] [yungsapi/]: Loaded com.yungnickyoung.minecraft.yungsapi.services.ForgeBlockEntityTypeHelper@7103745 for service interface com.yungnickyoung.minecraft.yungsapi.services.IBlockEntityTypeHelper
[02Aug2026 00:38:18.130] [main/DEBUG] [yungsapi/]: Loaded com.yungnickyoung.minecraft.yungsapi.services.ForgeParticleTypeHelper@7d3bf8db for service interface com.yungnickyoung.minecraft.yungsapi.services.IParticleTypeHelper
[02Aug2026 00:38:18.151] [main/DEBUG] [mixin/]: Preparing yungsapi_forge.mixins.json (1)
[02Aug2026 00:38:18.152] [main/DEBUG] [mixin/]: Preparing mixinextras.init.mixins.json (0)
[02Aug2026 00:38:18.152] [main/DEBUG] [mixin/]: Preparing myserveriscompatible.mixins.json (1)
[02Aug2026 00:38:18.152] [main/DEBUG] [mixin/]: Preparing starlight.mixins.json (13)
[02Aug2026 00:38:18.173] [main/DEBUG] [mixin/]: Preparing balm.mixins.json (16)
[02Aug2026 00:38:18.183] [main/DEBUG] [mixin/]: Preparing melody.mixins.json (3)
[02Aug2026 00:38:18.183] [main/DEBUG] [mixin/]: Preparing melody.forge.mixins.json (0)
[02Aug2026 00:38:18.183] [main/DEBUG] [mixin/]: Preparing konkrete.mixin.json (5)
[02Aug2026 00:38:18.183] [main/DEBUG] [mixin/]: Preparing embeddium.mixins.json (0)
[02Aug2026 00:38:18.183] [main/DEBUG] [mixin/]: Preparing entity_model_features.mixins.json (58)
[02Aug2026 00:38:18.183] [main/DEBUG] [mixin/]: Preparing emi.mixins.json (25)
[02Aug2026 00:38:18.183] [main/DEBUG] [mixin/]: Preparing emi-forge.mixins.json (0)
[02Aug2026 00:38:18.183] [main/DEBUG] [mixin/]: Preparing entity_texture_features.mixins.json (49)
[02Aug2026 00:38:18.204] [main/WARN] [mixin/]: Error loading class: dev/tr7zw/skinlayers/render/CustomizableModelPart (java.lang.ClassNotFoundException: dev.tr7zw.skinlayers.render.CustomizableModelPart)
[02Aug2026 00:38:18.205] [main/DEBUG] [mixin/]: Skipping virtual target dev.tr7zw.skinlayers.render.CustomizableModelPart for entity_texture_features.mixins.json:mods.skin_layers.MixinCustomizableModelPart
[02Aug2026 00:38:18.208] [main/DEBUG] [mixin/]: Preparing jade.mixins.json (2)
[02Aug2026 00:38:18.208] [main/DEBUG] [mixin/]: Preparing shouldersurfing.api-legacy.mixins.json (2)
[02Aug2026 00:38:18.208] [main/DEBUG] [mixin/]: Preparing shouldersurfing.common.mixins.json (23)
[02Aug2026 00:38:18.208] [main/DEBUG] [mixin/]: Preparing shouldersurfing.common.compat.mixins.json (0)
[02Aug2026 00:38:18.208] [main/DEBUG] [mixin/]: Preparing shouldersurfing.forge.mixins.json (1)
[02Aug2026 00:38:18.208] [main/DEBUG] [mixin/]: Preparing shouldersurfing.forge.compat.mixins.json (0)
[02Aug2026 00:38:18.208] [main/DEBUG] [mixin/]: Preparing servercore.common.mixins.json (61)
[02Aug2026 00:38:18.252] [main/DEBUG] [net.minecraftforge.coremod.transformer.CoreModBaseTransformer/COREMOD]: Transforming net/minecraft/world/entity/animal/frog/Tadpole
[02Aug2026 00:38:18.357] [main/DEBUG] [net.minecraftforge.coremod.transformer.CoreModBaseTransformer/COREMOD]: Transforming net/minecraft/world/entity/npc/Villager
[02Aug2026 00:38:18.496] [main/DEBUG] [net.minecraftforge.coremod.transformer.CoreModBaseTransformer/COREMOD]: Transforming net/minecraft/world/level/NaturalSpawner
[02Aug2026 00:38:18.557] [main/DEBUG] [net.minecraftforge.coremod.transformer.CoreModBaseTransformer/COREMOD]: Transforming net/minecraft/world/entity/monster/Zombie
[02Aug2026 00:38:18.664] [main/DEBUG] [mixin/]: Preparing mixins.oculus.json (88)
[02Aug2026 00:38:18.664] [main/DEBUG] [mixin/]: Preparing mixins.oculus.fantastic.json (5)
[02Aug2026 00:38:18.664] [main/DEBUG] [mixin/]: Preparing mixins.oculus.vertexformat.json (8)
[02Aug2026 00:38:18.664] [main/DEBUG] [mixin/]: Preparing mixins.oculus.bettermipmaps.json (0)
[02Aug2026 00:38:18.664] [main/DEBUG] [mixin/]: Preparing mixins.oculus.fixes.maxfpscrash.json (1)
[02Aug2026 00:38:18.664] [main/DEBUG] [mixin/]: Preparing oculus-batched-entity-rendering.mixins.json (17)
[02Aug2026 00:38:18.664] [main/DEBUG] [mixin/]: Preparing mixins.oculus.compat.sodium.json (49)
[02Aug2026 00:38:18.664] [main/DEBUG] [mixin/]: Preparing mixins.oculus.compat.indigo.json (1)
[02Aug2026 00:38:18.664] [main/DEBUG] [mixin/]: Preparing mixins.oculus.compat.indium.json (1)
[02Aug2026 00:38:18.664] [main/DEBUG] [mixin/]: Preparing mixins.oculus.compat.dh.json (4)
[02Aug2026 00:38:18.666] [main/DEBUG] [mixin/]: Preparing mixins.oculus.compat.pixelmon.json (1)
[02Aug2026 00:38:18.666] [main/DEBUG] [mixin/]: Preparing cullleaves.mixins.json (3)
[02Aug2026 00:38:18.666] [main/DEBUG] [mixin/]: Preparing cullleaves-neoforge.mixins.json (2)
[02Aug2026 00:38:18.666] [main/DEBUG] [mixin/]: Preparing midnightlib.mixins.json (1)
[02Aug2026 00:38:18.666] [main/DEBUG] [mixin/]: Preparing collective_forge.mixins.json (11)
[02Aug2026 00:38:18.669] [main/DEBUG] [mixin/]: Preparing fancymenu.mixins.json (96)
[02Aug2026 00:38:18.673] [main/DEBUG] [mixin/]: Preparing fancymenu.forge.mixins.json (6)
[02Aug2026 00:38:18.673] [main/DEBUG] [mixin/]: Preparing immediatelyfast-common.mixins.json (33)
[02Aug2026 00:38:18.673] [main/DEBUG] [mixin/]: Preparing immediatelyfast-forge.mixins.json (6)
[02Aug2026 00:38:18.673] [main/DEBUG] [mixin/]: Preparing ferritecore.predicates.mixin.json (3)
[02Aug2026 00:38:18.673] [main/DEBUG] [mixin/]: Preparing ferritecore.fastmap.mixin.json (1)
[02Aug2026 00:38:18.676] [main/DEBUG] [mixin/]: Preparing ferritecore.mrl.mixin.json (2)
[02Aug2026 00:38:18.676] [main/DEBUG] [mixin/]: Preparing ferritecore.dedupmultipart.mixin.json (2)
[02Aug2026 00:38:18.676] [main/DEBUG] [mixin/]: Preparing ferritecore.blockstatecache.mixin.json (8)
[02Aug2026 00:38:18.685] [main/DEBUG] [mixin/]: @Mixin target net/minecraft/world/level/block/state/BlockBehaviour$BlockStateBase$Cache is public in ferritecore.blockstatecache.mixin.json:BlockStateCacheMixin and should be specified in value
[02Aug2026 00:38:18.692] [main/DEBUG] [mixin/]: Preparing ferritecore.dedupbakedquad.mixin.json (2)
[02Aug2026 00:38:18.692] [main/DEBUG] [mixin/]: Preparing ferritecore.threaddetec.mixin.json (1)
[02Aug2026 00:38:18.692] [main/DEBUG] [mixin/]: Preparing ferritecore.modelsides.mixin.json (1)
[02Aug2026 00:38:18.692] [main/DEBUG] [mixin/]: Preparing sodium-extra.mixins.json (45)
[02Aug2026 00:38:18.692] [main/DEBUG] [mixin/]: Preparing mixins.kimetsunoyaiba.json (0)
[02Aug2026 00:38:18.692] [main/DEBUG] [mixin/]: Preparing chunksfadein_dh.mixins.json (19)
[02Aug2026 00:38:18.693] [main/DEBUG] [mixin/]: Preparing chunksfadein_iris.mixins.json (7)
[02Aug2026 00:38:18.693] [main/DEBUG] [mixin/]: Preparing chunksfadein_mc.mixins.json (7)
[02Aug2026 00:38:18.693] [main/DEBUG] [mixin/]: Preparing chunksfadein_sodium.mixins.json (13)
[02Aug2026 00:38:18.693] [main/DEBUG] [mixin/]: Preparing forge-badoptimizations.mixins.json (24)
[02Aug2026 00:38:18.693] [main/DEBUG] [mixin/]: Preparing yeetusexperimentus.mixins.json (2)
[02Aug2026 00:38:18.693] [main/DEBUG] [mixin/]: Preparing explosiveenhancement.mixins.json (1)
[02Aug2026 00:38:18.948] [main/DEBUG] [mixin/]: Inner class org/embeddedt/modernfix/common/mixin/perf/forge_registry_alloc/DebugLevelSourceMixin$1 in org/embeddedt/modernfix/common/mixin/perf/forge_registry_alloc/DebugLevelSourceMixin on net/minecraft/world/level/levelgen/DebugLevelSource gets unique name net/minecraft/world/level/levelgen/DebugLevelSource$Anonymous$17e9e7e4ba534d82bb8b90720f922ff4
[02Aug2026 00:38:19.026] [main/ERROR] [net.minecraftforge.fml.loading.RuntimeDistCleaner/DISTXFORM]: Attempted to load class net/minecraft/client/renderer/Sheets for invalid dist DEDICATED_SERVER
[02Aug2026 00:38:19.027] [main/WARN] [mixin/]: Error loading class: net/minecraft/client/renderer/Sheets (java.lang.RuntimeException: Attempted to load class net/minecraft/client/renderer/Sheets for invalid dist DEDICATED_SERVER)
[02Aug2026 00:38:19.027] [main/WARN] [mixin/]: @Mixin target net.minecraft.client.renderer.Sheets was not found shouldersurfing.forge.compat.mixins.json:iris.SheetsMixin_1_7_0
[02Aug2026 00:38:19.046] [main/DEBUG] [mixin/]: Prepared 280 mixins in 2.590 sec (9.2ms avg) (0ms load, 0ms transform, 0ms plugin)
[02Aug2026 00:38:19.060] [main/INFO] [MixinExtras|Service/]: Initializing MixinExtras via com.llamalad7.mixinextras.service.MixinExtrasServiceImpl(version=0.4.1).
[02Aug2026 00:38:19.062] [main/DEBUG] [mixin/]: Registering new injector for @SugarWrapper with com.llamalad7.mixinextras.sugar.impl.SugarWrapperInjectionInfo
[02Aug2026 00:38:19.063] [main/DEBUG] [mixin/]: Registering new injector for @FactoryRedirectWrapper with com.llamalad7.mixinextras.wrapper.factory.FactoryRedirectWrapperInjectionInfo
[02Aug2026 00:38:19.072] [main/DEBUG] [mixin/]: Mixing perf.fix_loop_spin_waiting.MinecraftServerMixin from modernfix-modernfix.mixins.json into net.minecraft.server.MinecraftServer
[02Aug2026 00:38:19.084] [main/DEBUG] [mixin/]: Mixing features.misc.MinecraftServerMixin from servercore.common.mixins.json into net.minecraft.server.MinecraftServer
[02Aug2026 00:38:19.084] [main/DEBUG] [mixin/]: servercore.common.mixins.json:features.misc.MinecraftServerMixin: Class version 61 required is higher than the class version supported by the current version of Mixin (JAVA_16 supports class version 60)
[02Aug2026 00:38:19.086] [main/DEBUG] [mixin/]: Mixing server.MinecraftServerMixin from fastload.mixins.json into net.minecraft.server.MinecraftServer
[02Aug2026 00:38:19.134] [main/DEBUG] [mixin/]: Mixing core.MinecraftServerMixin from modernfix-modernfix.mixins.json into net.minecraft.server.MinecraftServer
[02Aug2026 00:38:19.136] [main/DEBUG] [mixin/]: Renaming synthetic method lambda$mfix$endReloadTrack$0(Ljava/lang/Void;)V to md23e3b8$lambda$mfix$endReloadTrack$0$0 in modernfix-modernfix.mixins.json:core.MinecraftServerMixin
[02Aug2026 00:38:19.147] [main/DEBUG] [mixin/]: Mixing perf.resourcepacks.MinecraftServerMixin from modernfix-modernfix.mixins.json into net.minecraft.server.MinecraftServer
[02Aug2026 00:38:19.157] [main/DEBUG] [mixin/]: Mixing perf.dedicated_reload_executor.MinecraftServerMixin from modernfix-modernfix.mixins.json into net.minecraft.server.MinecraftServer
[02Aug2026 00:38:19.158] [main/DEBUG] [mixin/]: Mixing MinecraftServerMixin from citadel.mixins.json into net.minecraft.server.MinecraftServer
[02Aug2026 00:38:19.162] [main/DEBUG] [mixin/]: Mixing MinecraftServerMixin from balm.mixins.json into net.minecraft.server.MinecraftServer
[02Aug2026 00:38:19.162] [main/DEBUG] [mixin/]: Renaming synthetic method lambda$reloadResources$0(Ljava/lang/Void;)V to md23e3b8$lambda$reloadResources$0$1 in balm.mixins.json:MinecraftServerMixin
[02Aug2026 00:38:19.165] [main/DEBUG] [mixin/]: Mixing MinecraftServerMixin from servercore.common.mixins.json into net.minecraft.server.MinecraftServer
[02Aug2026 00:38:19.165] [main/DEBUG] [mixin/]: servercore.common.mixins.json:MinecraftServerMixin: Class version 61 required is higher than the class version supported by the current version of Mixin (JAVA_16 supports class version 60)
[02Aug2026 00:38:19.337] [main/DEBUG] [mixin/]: Mixing common.GameTestServerMixin from lithostitched.mixins.json into net.minecraft.gametest.framework.GameTestServer
[02Aug2026 00:38:19.346] [main/DEBUG] [mixin/]: Mixing server.DedicatedServerMixin from lithostitched.mixins.json into net.minecraft.server.dedicated.DedicatedServer
[02Aug2026 00:38:19.370] [main/DEBUG] [io.netty.util.internal.logging.InternalLoggerFactory/]: Using SLF4J as the default logging framework
[02Aug2026 00:38:19.378] [main/DEBUG] [io.netty.util.ResourceLeakDetector/]: -Dio.netty.leakDetection.level: simple
[02Aug2026 00:38:19.378] [main/DEBUG] [io.netty.util.ResourceLeakDetector/]: -Dio.netty.leakDetection.targetRecords: 4
[02Aug2026 00:38:19.460] [main/DEBUG] [mixin/]: Mixing perf.tag_id_caching.TagOrElementLocationMixin from modernfix-modernfix.mixins.json into net.minecraft.util.ExtraCodecs$TagOrElementLocation
[02Aug2026 00:38:19.480] [main/DEBUG] [mixin/]: Mixing MixinIdentifier from entity_texture_features.mixins.json into net.minecraft.resources.ResourceLocation
[02Aug2026 00:38:19.481] [main/DEBUG] [mixin/]: entity_texture_features.mixins.json:MixinIdentifier: Class version 61 required is higher than the class version supported by the current version of Mixin (JAVA_16 supports class version 60)
[02Aug2026 00:38:19.516] [main/ERROR] [net.minecraftforge.fml.loading.RuntimeDistCleaner/DISTXFORM]: Attempted to load class net/minecraft/client/gui/screens/Screen for invalid dist DEDICATED_SERVER
[02Aug2026 00:38:19.519] [main/INFO] [STDERR/]: [java.lang.ThreadGroup:uncaughtException:1077]: java.lang.RuntimeException: java.lang.reflect.InvocationTargetException
[02Aug2026 00:38:19.520] [main/INFO] [STDERR/]: [java.lang.ThreadGroup:uncaughtException:1077]: 	at MC-BOOTSTRAP/cpw.mods.modlauncher@10.0.9/cpw.mods.modlauncher.LaunchServiceHandlerDecorator.launch(LaunchServiceHandlerDecorator.java:32)
[02Aug2026 00:38:19.520] [main/INFO] [STDERR/]: [java.lang.ThreadGroup:uncaughtException:1077]: 	at MC-BOOTSTRAP/cpw.mods.modlauncher@10.0.9/cpw.mods.modlauncher.LaunchServiceHandler.launch(LaunchServiceHandler.java:53)
[02Aug2026 00:38:19.520] [main/INFO] [STDERR/]: [java.lang.ThreadGroup:uncaughtException:1077]: 	at MC-BOOTSTRAP/cpw.mods.modlauncher@10.0.9/cpw.mods.modlauncher.LaunchServiceHandler.launch(LaunchServiceHandler.java:71)
[02Aug2026 00:38:19.520] [main/INFO] [STDERR/]: [java.lang.ThreadGroup:uncaughtException:1077]: 	at MC-BOOTSTRAP/cpw.mods.modlauncher@10.0.9/cpw.mods.modlauncher.Launcher.run(Launcher.java:108)
[02Aug2026 00:38:19.520] [main/INFO] [STDERR/]: [java.lang.ThreadGroup:uncaughtException:1077]: 	at MC-BOOTSTRAP/cpw.mods.modlauncher@10.0.9/cpw.mods.modlauncher.Launcher.main(Launcher.java:78)
[02Aug2026 00:38:19.520] [main/INFO] [STDERR/]: [java.lang.ThreadGroup:uncaughtException:1077]: 	at MC-BOOTSTRAP/cpw.mods.modlauncher@10.0.9/cpw.mods.modlauncher.BootstrapLaunchConsumer.accept(BootstrapLaunchConsumer.java:26)
[02Aug2026 00:38:19.520] [main/INFO] [STDERR/]: [java.lang.ThreadGroup:uncaughtException:1077]: 	at MC-BOOTSTRAP/cpw.mods.modlauncher@10.0.9/cpw.mods.modlauncher.BootstrapLaunchConsumer.accept(BootstrapLaunchConsumer.java:23)
[02Aug2026 00:38:19.522] [main/INFO] [STDERR/]: [java.lang.ThreadGroup:uncaughtException:1077]: 	at cpw.mods.bootstraplauncher@1.1.2/cpw.mods.bootstraplauncher.BootstrapLauncher.main(BootstrapLauncher.java:141)
[02Aug2026 00:38:19.522] [main/INFO] [STDERR/]: [java.lang.ThreadGroup:uncaughtException:1086]: Caused by: java.lang.reflect.InvocationTargetException
[02Aug2026 00:38:19.522] [main/INFO] [STDERR/]: [java.lang.ThreadGroup:uncaughtException:1086]: 	at java.base/jdk.internal.reflect.NativeMethodAccessorImpl.invoke0(Native Method)
[02Aug2026 00:38:19.522] [main/INFO] [STDERR/]: [java.lang.ThreadGroup:uncaughtException:1086]: 	at java.base/jdk.internal.reflect.NativeMethodAccessorImpl.invoke(NativeMethodAccessorImpl.java:77)
[02Aug2026 00:38:19.522] [main/INFO] [STDERR/]: [java.lang.ThreadGroup:uncaughtException:1086]: 	at java.base/jdk.internal.reflect.DelegatingMethodAccessorImpl.invoke(DelegatingMethodAccessorImpl.java:43)
[02Aug2026 00:38:19.522] [main/INFO] [STDERR/]: [java.lang.ThreadGroup:uncaughtException:1086]: 	at java.base/java.lang.reflect.Method.invoke(Method.java:569)
[02Aug2026 00:38:19.522] [main/INFO] [STDERR/]: [java.lang.ThreadGroup:uncaughtException:1086]: 	at MC-BOOTSTRAP/fmlloader@1.20.1-47.4.21/net.minecraftforge.fml.loading.targets.CommonLaunchHandler.runTarget(CommonLaunchHandler.java:111)
[02Aug2026 00:38:19.523] [main/INFO] [STDERR/]: [java.lang.ThreadGroup:uncaughtException:1086]: 	at MC-BOOTSTRAP/fmlloader@1.20.1-47.4.21/net.minecraftforge.fml.loading.targets.CommonLaunchHandler.serverService(CommonLaunchHandler.java:103)
[02Aug2026 00:38:19.523] [main/INFO] [STDERR/]: [java.lang.ThreadGroup:uncaughtException:1086]: 	at MC-BOOTSTRAP/fmlloader@1.20.1-47.4.21/net.minecraftforge.fml.loading.targets.CommonServerLaunchHandler.lambda$makeService$0(CommonServerLaunchHandler.java:27)
[02Aug2026 00:38:19.523] [main/INFO] [STDERR/]: [java.lang.ThreadGroup:uncaughtException:1086]: 	at MC-BOOTSTRAP/cpw.mods.modlauncher@10.0.9/cpw.mods.modlauncher.LaunchServiceHandlerDecorator.launch(LaunchServiceHandlerDecorator.java:30)
[02Aug2026 00:38:19.523] [main/INFO] [STDERR/]: [java.lang.ThreadGroup:uncaughtException:1086]: 	... 7 more
[02Aug2026 00:38:19.523] [main/INFO] [STDERR/]: [java.lang.Throwable:printStackTrace:659]: Caused by: java.lang.ExceptionInInitializerError
[02Aug2026 00:38:19.523] [main/INFO] [STDERR/]: [java.lang.Throwable:printStackTrace:659]: 	at TRANSFORMER/minecraft@1.20.1/net.minecraft.network.chat.MutableComponent.m_237204_(MutableComponent.java:29)
[02Aug2026 00:38:19.524] [main/INFO] [STDERR/]: [java.lang.Throwable:printStackTrace:659]: 	at TRANSFORMER/minecraft@1.20.1/net.minecraft.network.chat.Component.m_237115_(Component.java:444)
[02Aug2026 00:38:19.524] [main/INFO] [STDERR/]: [java.lang.Throwable:printStackTrace:659]: 	at TRANSFORMER/minecraft@1.20.1/net.minecraft.commands.BrigadierExceptions.<clinit>(BrigadierExceptions.java:24)
[02Aug2026 00:38:19.524] [main/INFO] [STDERR/]: [java.lang.Throwable:printStackTrace:659]: 	at TRANSFORMER/minecraft@1.20.1/net.minecraft.SharedConstants.<clinit>(SharedConstants.java:216)
[02Aug2026 00:38:19.524] [main/INFO] [STDERR/]: [java.lang.Throwable:printStackTrace:659]: 	at TRANSFORMER/minecraft@1.20.1/net.minecraft.server.Main.main(Main.java:69)
[02Aug2026 00:38:19.524] [main/INFO] [STDERR/]: [java.lang.Throwable:printStackTrace:659]: 	... 15 more
[02Aug2026 00:38:19.524] [main/INFO] [STDERR/]: [java.lang.Throwable:printStackTrace:682]: Caused by: java.lang.RuntimeException: Attempted to load class net/minecraft/client/gui/screens/Screen for invalid dist DEDICATED_SERVER
[02Aug2026 00:38:19.524] [main/INFO] [STDERR/]: [java.lang.Throwable:printStackTrace:682]: 	at MC-BOOTSTRAP/fmlloader@1.20.1-47.4.21/net.minecraftforge.fml.loading.RuntimeDistCleaner.processClassWithFlags(RuntimeDistCleaner.java:56)
[02Aug2026 00:38:19.524] [main/INFO] [STDERR/]: [java.lang.Throwable:printStackTrace:682]: 	at MC-BOOTSTRAP/cpw.mods.modlauncher@10.0.9/cpw.mods.modlauncher.LaunchPluginHandler.offerClassNodeToPlugins(LaunchPluginHandler.java:88)
[02Aug2026 00:38:19.524] [main/INFO] [STDERR/]: [java.lang.Throwable:printStackTrace:682]: 	at MC-BOOTSTRAP/cpw.mods.modlauncher@10.0.9/cpw.mods.modlauncher.ClassTransformer.transform(ClassTransformer.java:120)
[02Aug2026 00:38:19.525] [main/INFO] [STDERR/]: [java.lang.Throwable:printStackTrace:682]: 	at MC-BOOTSTRAP/cpw.mods.modlauncher@10.0.9/cpw.mods.modlauncher.TransformingClassLoader.maybeTransformClassBytes(TransformingClassLoader.java:50)
[02Aug2026 00:38:19.525] [main/INFO] [STDERR/]: [java.lang.Throwable:printStackTrace:682]: 	at cpw.mods.securejarhandler/cpw.mods.cl.ModuleClassLoader.readerToClass(ModuleClassLoader.java:113)
[02Aug2026 00:38:19.525] [main/INFO] [STDERR/]: [java.lang.Throwable:printStackTrace:682]: 	at cpw.mods.securejarhandler/cpw.mods.cl.ModuleClassLoader.lambda$findClass$15(ModuleClassLoader.java:219)
[02Aug2026 00:38:19.525] [main/INFO] [STDERR/]: [java.lang.Throwable:printStackTrace:682]: 	at cpw.mods.securejarhandler/cpw.mods.cl.ModuleClassLoader.loadFromModule(ModuleClassLoader.java:229)
[02Aug2026 00:38:19.525] [main/INFO] [STDERR/]: [java.lang.Throwable:printStackTrace:682]: 	at cpw.mods.securejarhandler/cpw.mods.cl.ModuleClassLoader.findClass(ModuleClassLoader.java:219)
[02Aug2026 00:38:19.525] [main/INFO] [STDERR/]: [java.lang.Throwable:printStackTrace:682]: 	at cpw.mods.securejarhandler/cpw.mods.cl.ModuleClassLoader.loadClass(ModuleClassLoader.java:135)
[02Aug2026 00:38:19.526] [main/INFO] [STDERR/]: [java.lang.Throwable:printStackTrace:682]: 	at java.base/java.lang.ClassLoader.loadClass(ClassLoader.java:525)
[02Aug2026 00:38:19.526] [main/INFO] [STDERR/]: [java.lang.Throwable:printStackTrace:682]: 	at TRANSFORMER/minecraft@1.20.1/net.minecraft.resources.ResourceLocation.handler$zin000$etf$illegalPathOverride(ResourceLocation.java:525)
[02Aug2026 00:38:19.526] [main/INFO] [STDERR/]: [java.lang.Throwable:printStackTrace:682]: 	at TRANSFORMER/minecraft@1.20.1/net.minecraft.resources.ResourceLocation.m_135841_(ResourceLocation.java:206)
[02Aug2026 00:38:19.526] [main/INFO] [STDERR/]: [java.lang.Throwable:printStackTrace:682]: 	at TRANSFORMER/minecraft@1.20.1/net.minecraft.resources.ResourceLocation.m_245185_(ResourceLocation.java:241)
[02Aug2026 00:38:19.527] [main/INFO] [STDERR/]: [java.lang.Throwable:printStackTrace:682]: 	at TRANSFORMER/minecraft@1.20.1/net.minecraft.resources.ResourceLocation.<init>(ResourceLocation.java:40)
[02Aug2026 00:38:19.527] [main/INFO] [STDERR/]: [java.lang.Throwable:printStackTrace:682]: 	at TRANSFORMER/minecraft@1.20.1/net.minecraft.network.chat.Style.<clinit>(Style.java:39)
[02Aug2026 00:38:19.527] [main/INFO] [STDERR/]: [java.lang.Throwable:printStackTrace:682]: 	... 20 more
